"id","name","email","location","signup_date","social_security_number"
1,"Tyler Webb","not-an-email-address","Evansland, UT","2021-03-07","162-57-6810"
2,"Mr. Lawrence Edwards","jessica56@example.org","Zacharyville, MD","2022-09-23","123-45-INVALID"
3,"Jerry Thomas","robertspatrick@example.net","Wrightburgh, GU","2024-08-21","336-74-5124"
4,"Shawn Jimenez","kathrynjimenez@example.net","South Williambury, IL","2025-08-19","362-07-0829"
5,"Stephen Pena MD","booneryan@example.com","Kathrynstad, AZ","2023-01-24","411-07-9344"
6,"Juan Jones","rduran@example.net","East Theresafurt, MN","2025-06-13","814-44-9140"
7,"Nicole Gonzalez","cporter@example.org","Lake Mason, NJ","2026-03-23","468-20-9933"
8,"Timothy Flores","vewing@example.com","Williamhaven, ND","2025-01-20","502-91-9223"
9,"Alan Rivera","whitneybrandy@example.net","New Thomasshire, OK","2023-03-22","234-93-0842"
10,"Mr. Nathan Hampton","rhernandez@example.org","New Stacyville, ID","2025-08-19","020-57-5140"
11,"Michael Jenkins","vsalas@example.net","Lake Devinborough, OH","2024-03-26","333-85-7838"
12,"Tyler Stevens","amy49@example.com","East Joshua, ME","2025-02-20","231-39-4736"
13,"Melissa Burns","not-an-email-address","Baileyview, LA","2021-09-15","588-87-8900"
14,"Jennifer Reed","kellyroberts@example.net","West Sandraview, WA","2023-11-25","491-28-3311"
15,"Justin Nelson","gilbertbrenda@example.org","Lake Rebeccabury, SC","2025-04-02","239-07-1642"
16,"John Maldonado","adampierce@example.org","Delgadofort, NJ","2024-03-09","667-26-4707"
17,"Anthony Mack","amandasharp@example.org","South Nicole, HI","2023-05-27","038-51-8117"
18,"Tonya Howe","smithashley@example.org","Justinside, NC","2022-04-03","506-18-8262"
19,"Corey Rodriguez","jessicawong@example.net","North Jill, WY","2025-12-26","582-87-3165"
20,"Margaret Sullivan","frobertson@example.com","East Tinafort, MD","2022-03-01","255-01-4273"
21,"Paul Finley","brandi90@example.com","Heatherton, TN","2023-12-07","122-60-5027"
22,"Jonathan Jacobson","hannah45@example.net","East Susan, NJ","2022-01-11","157-59-9925"
23,"Joshua Ruiz","kathleenbecker@example.net","New Seanstad, CA","2023-11-06","578-15-1012"
24,"Christina Herrera","markmeyer@example.org","Lake Brandy, CO","2025-04-30","523-58-0912"
25,"Jason Elliott","tchambers@example.net","South Jonathantown, WA","2024-07-11","224-75-1197"
26,"Michael Weaver","michaelcesar@example.com","West Robertberg, WI","2021-01-20","657-94-6888"
27,"Janet Kane DVM","qmiller@example.net","Lake Michelle, DE","2023-11-09","183-69-6440"
28,"William Davenport","goodsteven@example.net","Patelbury, IA","2025-03-03","472-45-2542"
29,"Shaun Cannon","pachecorobert@example.org","East Carlos, PA","2023-01-06","035-58-9795"
30,"Andrew Gonzales","karenparsons@example.org","Jimshire, MD","2021-01-31","592-77-5254"
31,"Charles Keller","roberthill@example.net","Lake Erika, OH","2022-09-08","508-07-5643"
32,"Emma Butler","kevinwhite@example.net","Allenbury, ME","2023-11-30","879-91-2366"
33,"Kristina Faulkner","paulscott@example.com","South Melanieland, ND","2024-08-10","742-25-0845"
34,"Michael Morrison","lopezkathleen@example.net","South Jason, PW","2023-07-03","123-45-INVALID"
35,"Alexis Giles","burgesskaren@example.org","South Rose, OH","2023-04-01","330-37-6237"
36,"Heather Green","zowens@example.net","Gillmouth, PW","2024-08-20","209-48-5127"
37,"Justin Walker","","North Jose, OR","2025-08-06","738-54-4837"
38,"Gary James","victorpena@example.net","","2023-07-17","264-98-8006"
39,"Nicholas Bell","jenniferfreeman@example.net","New Arthurland, GU","2024-11-04","685-07-0105"
40,"Mark Jones","albertwagner@example.com","New Danafort, TN","2024-03-06","500-03-0109"
41,"Alexandra Moreno","amanda40@example.net","Drakeburgh, CT","2025-03-13","099-68-2440"
42,"Joseph Ochoa","laura15@example.com","Cunninghambury, ME","2022-09-20","701-11-0520"
43,"James Alvarez","warnerchristopher@example.com","Arielville, MH","2021-06-19","541-06-3765"
44,"Melissa Knight","brandon14@example.net","East Sarahmouth, AK","2022-06-20","213-76-2363"
45,"Elizabeth Elliott","irhodes@example.com","Camposberg, WY","2024-01-22","706-93-1285"
46,"Haley Davis","marypeterson@example.net","Novakmouth, AK","2024-12-05","650-35-7382"
47,"Henry Pugh MD","","Millerport, AS","2022-10-07","731-10-1345"
48,"Michael Walters","gstewart@example.org","West Seanview, CT","2022-12-13","136-12-3071"
49,"Justin Russell","davisangela@example.net","Michelletown, LA","2024-05-03","424-50-1388"
50,"Vanessa Armstrong","ginajackson@example.com","Josephberg, CA","2025-06-06","172-56-4522"
51,"Richard Ward","jennifersimpson@example.net","South Daniel, ME","2024-04-02","007-51-5444"
52,"Erin Cook","kevinmorrison@example.net","South Leon, MO","2023-11-26","327-38-8045"
53,"Erika Ramirez","kdiaz@example.org","Lake Katrina, AK","2025-07-27","745-60-3435"
54,"Sandra Jones","ichambers@example.net","Johnberg, VT","2024-05-26","434-49-1212"
55,"Karen Morales DDS","ystephens@example.com","North Kaylastad, GA","2024-06-28","663-79-0726"
56,"Miss Jennifer Goodwin","grodriguez@example.com","New Julie, OH","2025-06-17","595-89-9425"
57,"James Barton","michaeljohnson@example.org","Robertland, DE","2022-07-20","852-94-2322"
58,"","larry73@example.net","Baileyville, NV","2024-07-08","327-09-4920"
59,"Ashley Sweeney","byrdfrank@example.net","New Greg, GA","2021-01-18","339-72-6986"
60,"Jared Lopez","vfoster@example.net","South Brittany, MS","2024-08-07","005-91-3520"
61,"Michael Flynn","lloydamanda@example.com","Jamesville, KS","2022-06-03","687-63-8647"
62,"Lisa Matthews","michael79@example.org","Samanthashire, CO","2023-05-03","689-18-5132"
63,"Bruce Brooks","williambarnes@example.org","Hendersonfort, SC","2021-09-03","551-89-2839"
64,"Dylan Lopez","wharvey@example.org","Taylorfurt, OH","2025-05-23","518-84-8110"
65,"Jennifer Larsen","kjackson@example.org","West Antonio, IN","2024-02-25","551-37-2756"
66,"Patricia Simpson","armstrongjoseph@example.net","Amberton, WV","2024-07-23","737-57-8952"
67,"Ashley Greer PhD","nancy07@example.com","Michelleland, NV","2022-07-12","887-16-3883"
68,"Leah Bell","imartin@example.org","Port Brian, MI","2022-06-16","546-36-9779"
69,"William Carter","stephanie81@example.org","Sellersview, VI","2025-04-02","672-17-2175"
70,"Frank Wright","kburns@example.net","Courtneyfurt, NV","2022-10-17","078-82-1526"
71,"Diana Mayer","shawn75@example.net","Port Kimland, VA","2024-02-05","470-82-5870"
72,"Jennifer Donaldson","troymorris@example.com","Amyberg, OK","2021-03-17","873-63-5632"
73,"Mark Copeland","martinezmia@example.com","Smithchester, ID","2021-01-30","706-17-4946"
74,"Sherri Davis","john52@example.org","Garrettbury, NE","2022-01-08","672-12-1560"
75,"Blake Wheeler","ssmith@example.com","Port Robertberg, NJ","2020-09-05","073-30-6277"
76,"Ashley Edwards","derrick22@example.org","New Debramouth, MI","2021-06-06","740-28-2481"
77,"Jessica Robinson","taylordavid@example.net","Bellchester, MD","2024-03-04","811-18-4060"
78,"Danielle Burke","kimberly04@example.org","Lake Peter, SD","2023-01-10","056-31-8109"
79,"Jonathan Wheeler","hatfieldsarah@example.org","Valenciashire, MT","2023-12-14","375-70-2831"
80,"Tiffany Townsend","matthewsalexander@example.org","North Stacyfurt, NY","2025-12-23","644-92-8210"
81,"James Davidson","joshuacollins@example.net","Port Eric, MD","2024-03-15","401-76-1084"
82,"Monica Mathis","sanchezsandy@example.org","Salazarton, ME","2023-04-23","683-95-2878"
83,"Chad Smith","hbenton@example.net","Garyberg, WA","2021-09-08","800-35-1935"
84,"","rogersruben@example.net","West Jennifershire, SC","2021-04-29","509-59-8369"
85,"Scott Jackson","jonathangarcia@example.net","East Joycetown, AZ","2023-09-25","880-02-4007"
86,"James Hernandez","tranrobin@example.net","Walkerbury, MT","2021-01-22","738-41-4445"
87,"Barbara Nunez","whitelinda@example.org","Jonesmouth, VI","2021-05-01","290-40-5363"
88,"Jesus Wood","not-an-email-address","Anneport, WA","2022-09-25","476-48-9695"
89,"Dr. Morgan Payne PhD","adamortiz@example.org","Cynthiatown, MA","2024-11-12","002-98-6165"
90,"Joseph Allen","jwoodward@example.net","Christopherbury, MH","2023-04-15","866-67-6768"
91,"Jacqueline Villegas","not-an-email-address","New Codyberg, SC","2024-01-10","077-76-9304"
92,"Victor Young","melissa65@example.com","Nelsonland, ID","2021-03-14","140-99-9580"
93,"Christopher Owens","wmartinez@example.org","Parkerview, PR","2021-08-06","123-12-2583"
94,"Melissa Williams","eddie35@example.com","Lake Kentburgh, AK","2023-04-05","415-58-9109"
95,"Danielle Murray","not-an-email-address","North Alexander, MP","2022-07-24","134-26-6564"
96,"Teresa Miller","samantha10@example.org","Lake Scott, DC","2023-11-02","095-43-2008"
97,"Amber Glass","zunderwood@example.com","South Feliciaburgh, MI","2021-01-12","220-24-4506"
98,"Charles Mendez","deborahporter@example.net","Brownview, MS","2023-01-19","141-54-3268"
99,"Zachary Stephens","mayokimberly@example.com","Stephensfort, MI","2025-02-21","580-65-5270"
100,"Alexander Harper","huangkimberly@example.org","Morenoshire, IN","2023-12-22","164-13-4061"
101,"Robert Stark","gallagherstacie@example.net","Kellyburgh, HI","2022-09-21","243-76-5211"
102,"Alyssa Haynes","annalopez@example.com","Gregoryton, CO","2023-09-21","058-30-9858"
103,"John Rivera","lindsaypeterson@example.org","Brianberg, OR","2022-07-13","722-19-1818"
104,"Toni Brooks","vwillis@example.com","Derekburgh, VA","2025-02-23","448-82-7983"
105,"Wayne Steele","jeffrey92@example.com","Jessicaport, DC","2023-05-15","182-94-0030"
106,"Zachary Sanford","whitelucas@example.net","Lake Ariana, NM","2025-07-17","145-43-1275"
107,"Francisco Fields","underwoodelizabeth@example.net","Seanview, IL","2022-09-11","256-89-1111"
108,"Brian Smith","akim@example.org","Snyderfurt, MI","2023-08-26","560-49-1662"
109,"Laura Chang","franciscojones@example.org","Andrewview, CT","2024-09-30","076-44-2788"
110,"Benjamin Mcmahon","morgantricia@example.com","South Sherriburgh, PA","2023-11-12","445-21-0878"
111,"William Ortiz","donna43@example.org","South Ashleyfort, FL","2021-07-13","056-47-0063"
112,"Rodney Weber","bgonzalez@example.org","Lake Kelly, CO","2024-04-22","485-15-5053"
113,"Steven Baker","ylopez@example.com","South Bradley, NV","2024-01-19","477-34-3707"
114,"Brittany Horton","millermaurice@example.net","Arellanoshire, IN","2022-12-15","567-08-6343"
115,"Joseph Camacho","parmstrong@example.com","Christianton, NY","2025-02-11","585-67-9364"
116,"Peter Thompson","teresastokes@example.org","South Christianchester, ID","2021-12-04","843-81-2423"
117,"Nicholas Aguirre","hughesray@example.com","Apriltown, WY","2022-11-12","718-80-9627"
118,"Ashley Hernandez","buckleyanna@example.org","Mikaylastad, FM","2025-02-11","421-34-6276"
119,"Kara Jackson","mthomas@example.net","Williamsmouth, UT","2024-10-19","244-07-7786"
120,"Stephanie Smith","not-an-email-address","Larryfort, PR","2021-07-04","890-30-2202"
121,"Patrick Schroeder","joseph69@example.net","","2021-06-06","193-57-3464"
122,"Jennifer Washington","lori82@example.org","Jennafurt, DC","2026-07-03","872-68-9318"
123,"Shaun Gonzalez","wrightstephen@example.com","West Micheal, NH","2020-11-30","518-51-2030"
124,"John Griffin","wmatthews@example.com","Port Patricia, WA","2020-12-05","851-89-1481"
125,"Anthony Nash","mercedesholland@example.net","West Denise, NY","2023-02-04","021-99-0146"
126,"Maria Burke","walkercharlene@example.com","Rodneyfurt, PR","2024-09-13","358-59-4129"
127,"Michael Holloway","asilva@example.net","Annaport, ME","2022-07-11","701-14-7893"
128,"Donald Nguyen","jose43@example.org","North Linda, AS","2021-03-19","830-77-6621"
129,"Mikayla Rios","jordan66@example.com","New Jeanshire, GU","2023-05-22","195-44-3644"
130,"Karen Shepard","william28@example.org","Connorberg, WA","2025-03-21","265-93-9160"
131,"Catherine Frazier","","Destinybury, MI","2022-07-27","763-40-6890"
132,"Kevin Ford","ruizmichelle@example.net","South Pamelahaven, DE","2023-06-28","889-88-6254"
133,"Jennifer Pitts","duplicate@example.com","East Victoria, MA","2024-02-25","584-59-2347"
134,"Catherine Miller","crystal25@example.net","North Shannonborough, WV","2023-05-12","793-22-9442"
135,"Katherine Gallagher","","East Christinachester, MO","2024-04-26","489-50-0077"
136,"Monica Dodson","katherine83@example.org","Lake Jessicabury, UT","2020-12-28","899-45-5114"
137,"Jonathan Torres","colonkenneth@example.com","Lunahaven, MA","2021-10-07","445-88-2193"
138,"Steven Howard","","East Stacy, PW","2024-02-07","020-30-3676"
139,"Alex Wagner","richardsondebra@example.org","Mcdowellview, WI","2021-10-14","548-80-0797"
140,"Martha Smith","butleromar@example.net","Thomasberg, IL","2021-01-29","712-88-0153"
141,"Brian Meyer","robertroach@example.net","West Danielville, NM","2023-03-26","204-78-3273"
142,"Sandra Dudley","jade42@example.org","Lozanofort, MA","2022-08-31","123-45-INVALID"
143,"Brandon Rodriguez","fhernandez@example.net","Lake Jenniferview, SD","2020-09-10","237-59-4851"
144,"Brett Thompson","phelpsmichael@example.net","Ronaldville, CT","2022-12-01","872-98-0752"
145,"Mary Jackson","patricia94@example.net","West Lisaburgh, DE","2020-10-02","411-52-7480"
146,"Melissa Mendoza","zbanks@example.org","East Heatherton, PR","2022-12-25","164-14-6817"
147,"Meghan White","nmaxwell@example.org","South Samantha, DE","2024-10-10","422-57-0754"
148,"Ernest Bush","tiffanysantiago@example.com","South Dorothybury, NJ","2021-03-17","355-85-6306"
149,"Kristin Huerta","smithsarah@example.net","Christianburgh, CA","2021-12-07","770-63-5254"
150,"Wayne Williams","andreagray@example.org","South Seanshire, NV","2025-10-07","878-64-7325"
151,"William Mcgee","","North Richardton, OH","2025-05-04","001-12-9900"
152,"Kristina Pena","xclements@example.org","Port Shawn, OH","2023-04-06","786-80-9830"
153,"Heidi Chavez","malonejeffrey@example.com","Mariaport, OH","2024-09-10","535-48-1742"
154,"Katherine Underwood","nrodriguez@example.org","North Sarah, MO","2021-01-22","221-59-3123"
155,"Jason House","bartonshannon@example.net","South Adam, WA","2023-07-18","050-71-7092"
156,"Mr. Thomas Thompson","jessicaanderson@example.com","Williamfurt, MT","2025-08-24","624-89-4068"
157,"Victor Waller","iballard@example.com","Meganside, VI","2023-05-05","123-45-INVALID"
158,"Taylor Chen","jasonklein@example.net","Samanthaberg, VT","2026-05-13","183-65-8889"
159,"Paige Hart","icraig@example.com","Stokeshaven, CT","2023-05-31","026-49-2382"
160,"Christina Christensen","tonyavega@example.org","Lake Kristenborough, WV","2021-02-13","555-05-5877"
161,"Ashley Parrish","","Lake Deborah, MS","2022-09-10","524-90-4713"
162,"Jasmine Frye","tammy00@example.net","Jamesmouth, MP","2021-01-25","231-82-6026"
163,"Christina Hardy","kellythompson@example.net","East Sydneyhaven, DE","2025-04-27","387-06-7021"
164,"Beverly Silva","adam72@example.org","West Candice, WI","2023-01-17","641-79-4935"
165,"Krista Jones","alicia28@example.org","South Amy, MO","2024-11-04","095-45-3625"
166,"Erin Carter","wbarajas@example.net","North Elizabethmouth, IA","2022-06-26","658-79-3995"
167,"Erica Moon","cruzamber@example.com","New Lynnstad, NY","2021-01-03","823-66-7301"
168,"Steven Lee","vaughangary@example.net","Lake Cameronborough, VI","2024-10-23","702-55-1703"
169,"Ronald Johns","duplicate@example.com","Lucasland, WA","2021-12-23","025-59-5435"
170,"Anthony Bauer","andrewsjeremy@example.com","Hughesfurt, NE","2020-12-28","324-03-6382"
171,"Margaret Montgomery","haynescharles@example.net","West Kristinport, PA","2021-09-04","089-37-7171"
172,"Matthew Wells","derekmyers@example.net","Susanberg, ME","2023-12-01","694-94-6114"
173,"Kristen Martinez","armstrongphillip@example.net","West Jasonstad, IL","2020-10-06","423-83-8398"
174,"Daniel Davenport","dannylambert@example.net","Port Karenside, NH","2021-11-18","661-71-1199"
175,"Danielle Gonzalez","wlynn@example.org","North Justin, CA","2023-02-22","199-41-7961"
176,"Matthew Steele","arianadiaz@example.com","Jacksonmouth, IA","2024-07-03","805-29-7146"
177,"Brandy Quinn","wford@example.com","Arnoldburgh, SD","2023-01-09","622-11-4598"
178,"Christina Gross","lunapatricia@example.net","Port Bonniefurt, WI","2021-11-10","605-28-0601"
179,"Steven Fernandez","michaelwalker@example.net","Dennishaven, NY","2025-05-12","093-51-5962"
180,"David Maynard","katherinetaylor@example.org","New Stacy, TN","2024-12-10","894-19-7922"
181,"Philip Hall","mike03@example.net","Paulmouth, FM","2023-09-21","048-06-5310"
182,"Kelly Gallegos","beth92@example.com","Diazland, NC","2021-07-19","258-49-3652"
183,"Robert Reed","aeaton@example.net","South Gabriel, CA","2025-01-23","527-83-4601"
184,"Christopher Guzman","guerrerorobert@example.com","South Emmafort, IL","2022-06-21","605-21-6733"
185,"Andrew Berry","dennishunt@example.net","","2021-12-02","058-22-4232"
186,"Jennifer Costa","johnsjessica@example.com","East Shanefort, VI","2022-03-15","494-22-3595"
187,"Rebecca Hoover","cindydixon@example.org","Sandrashire, CA","2024-03-01","236-49-6316"
188,"Dale Heath","mserrano@example.org","South Rachel, PA","2021-10-17","040-69-8247"
189,"Matthew Winters","princekimberly@example.net","Boydstad, VI","2021-09-02","045-90-8681"
190,"Todd Olson","duplicate@example.com","Bellshire, CT","2024-04-15","138-33-7818"
191,"Susan Miller","ascott@example.net","New Alexandrahaven, AL","2023-11-11","123-45-INVALID"
192,"Emily Cox","ronaldrichards@example.com","Cunninghamview, TX","2022-06-02","407-97-3338"
193,"Kristin White","tking@example.net","Kimfurt, WA","2024-03-08","142-85-1952"
194,"Michael Martin","williamhartman@example.net","East Paultown, AS","2022-08-16","094-19-7728"
195,"Dennis Wood","ramseysarah@example.com","Jenniferton, WI","2024-05-16","840-23-8100"
196,"Samuel Galvan","james98@example.net","New Gavin, AZ","2024-05-27","369-31-0005"
197,"Donald Ross","msullivan@example.net","Lake Janeland, OH","2022-01-04","292-93-9161"
198,"Victor Hill","shawnpowell@example.org","Gregoryhaven, CT","2025-08-18","573-10-8244"
199,"Travis Pratt","nancy94@example.net","Churchshire, NJ","2022-09-27","123-45-INVALID"
200,"Judy Murray","olsonjonathan@example.com","Lake Jacqueline, AS","2023-07-24","324-53-5786"
201,"Mercedes Baker","christopher51@example.net","South Lee, IL","2025-01-23","588-35-2995"
202,"Mr. Nicolas Salas II","maryhuff@example.com","Port Daniel, PW","2022-04-15","081-87-8072"
203,"Kimberly Williams","uwatson@example.com","Travishaven, KY","2020-09-22","408-29-9449"
204,"Robert Mendoza","shawphillip@example.net","South Tiffany, UT","2021-10-05","531-59-5172"
205,"Daniel Carpenter","michael42@example.net","Joelfort, RI","2020-09-28","352-47-3014"
206,"Jason Goodwin","melissa47@example.org","New Gina, GU","2024-11-29","103-93-4423"
207,"Kristi Chase","dustinhaley@example.org","Shafferburgh, MT","2024-12-02","123-45-INVALID"
208,"Sarah Holmes DDS","jevans@example.net","South Coreyburgh, AR","2021-10-24","221-33-7808"
209,"George Ward","maurice61@example.com","New Barbara, SD","2021-06-28","552-23-4664"
210,"Jordan Hampton","ypreston@example.net","Stevenberg, VI","2023-09-10","172-82-5528"
211,"Laura Sweeney","millermatthew@example.com","Deniseview, PA","2024-04-04","661-51-4445"
212,"Teresa Adkins","lgutierrez@example.org","Lake Jimmy, KS","2024-06-15","762-90-1312"
213,"Brian Brown","bkelley@example.com","North Joseberg, CO","2022-06-18","671-50-5069"
214,"Duane Sims","alisonjackson@example.org","Michellemouth, VI","2022-08-15","488-60-8857"
215,"Brandy Fry","brittanybryant@example.net","Millsside, ME","2022-12-27","356-62-8842"
216,"Jessica Diaz","eric00@example.net","West Justin, ND","2022-08-08","009-89-8060"
217,"Ralph Yates","laurakelley@example.org","Khanchester, MO","2024-09-23","256-21-6386"
218,"Bobby Garrett","justin84@example.com","Port Casey, DC","2023-11-21","297-15-7461"
219,"Marcus Lopez","hernandeztara@example.org","North Julian, DC","2024-07-09","733-57-0135"
220,"Adrian Robinson","zcollins@example.com","Steventon, MA","2022-08-26","083-97-2394"
221,"James Daniels","jamesskinner@example.com","North Theresabury, MS","2021-02-23","790-57-4050"
222,"Nicolas Davis","thomasmaldonado@example.com","Ericton, WA","2020-12-15","563-67-2002"
223,"Mr. Isaac Williams","teresayoung@example.com","Alexisview, OR","2022-10-29","123-51-3983"
224,"Lauren Vazquez","nathandavis@example.org","Davismouth, WV","2020-09-29","641-08-0980"
225,"Christian Herrera","martinezjesse@example.net","","2023-08-17","825-57-3162"
226,"Heather Taylor","washingtonsamuel@example.com","Lopezburgh, ND","2020-11-07","357-42-7675"
227,"Linda Valencia","caseymoore@example.com","Ambermouth, AL","2023-01-05","795-82-8290"
228,"Sonya Harvey","kimberly35@example.net","Lake Tammyfurt, ID","2023-11-23","537-88-8152"
229,"Douglas Ortiz","daniel81@example.org","East Morgan, ID","2025-05-12","110-63-3140"
230,"Martin Price","sfox@example.net","Brandonbury, PA","2021-07-05","736-10-0215"
231,"Tanya Collier","dowen@example.com","Shortton, GU","2022-06-12","632-35-8668"
232,"Sandra Miller","susandavis@example.net","New Paul, ID","2021-01-06","539-85-4076"
233,"Cassidy Curry","xreese@example.net","Emilychester, FM","2025-07-09","107-22-2956"
234,"George Moore","umahoney@example.net","Meganchester, WV","2025-05-07","649-56-5300"
235,"Cindy Cannon","michael77@example.com","Lake Austinport, PA","2022-09-19","017-67-2214"
236,"Elizabeth Evans MD","","Andrewview, PW","2025-05-19","524-72-9350"
237,"Andrew Kelly","josephpreston@example.org","West Lisa, CO","2025-07-13","585-52-9324"
238,"Misty Mcguire","tracynolan@example.net","New Dawnton, VA","2022-07-09","828-74-6252"
239,"Tammy Cook","hbutler@example.org","Lake Kimberlyfurt, AR","2021-05-03","313-68-0675"
240,"Karl Murphy","ericnunez@example.com","","2024-06-17","771-77-9425"
241,"Courtney Roberts","","Hernandezmouth, CO","2024-09-19","586-96-0808"
242,"Bradley Shaw","kathleencastillo@example.org","Fostershire, ID","2025-05-02","575-79-8590"
243,"Derek Jordan","rodriguezrobert@example.com","Jamesstad, PA","2022-10-07","672-04-4995"
244,"Lisa Branch MD","scottglass@example.org","Lake Nathaniel, WV","2022-02-09","746-11-1842"
245,"Dana Oliver","","Port Marissa, LA","2020-10-14","352-89-1824"
246,"Alexander Clark","jamesmills@example.com","Deanberg, UT","2023-04-07","716-86-0302"
247,"Mary Williams","briangonzalez@example.net","Briantown, CA","2023-11-16","398-85-4446"
248,"Susan Ward","smithmichelle@example.net","Hallfurt, NY","2024-13-45","727-13-5169"
249,"Kim Lopez","tcastro@example.org","East Sandraport, MA","2024-10-16","502-51-2573"
250,"Michael Kelly","","Joelhaven, KY","2021-03-13","641-33-6344"
251,"Robin Johnson","jeremiah56@example.net","North Jessica, NC","2026-05-24","628-81-3727"
252,"Kenneth Simmons","renee57@example.net","East Denise, OR","2025-04-10","123-45-INVALID"
253,"Christina Taylor","not-an-email-address","South Wendy, WI","2021-11-26","672-73-2590"
254,"Joseph Ball","lonniehobbs@example.net","Port Lucaschester, MT","2023-05-16","311-57-4486"
255,"Ashley Lopez","catherine93@example.net","East Grace, MI","2021-12-18","082-89-7809"
256,"Lisa Joseph","jack67@example.com","East James, AZ","2021-10-23","419-98-0246"
257,"Courtney Powers","katherinejones@example.com","Wattsmouth, FM","2022-12-19","253-55-6634"
258,"Samantha Cortez","vcarr@example.net","New Danielmouth, GU","2021-01-09","899-06-4026"
259,"Victoria Williams","oblack@example.org","West Scott, FM","2025-01-30","312-37-7559"
260,"Louis Brown","stevenlucas@example.org","East Kimberlyside, DC","2022-02-01","403-53-5300"
261,"Jesse Mosley","nicoledavis@example.com","Lake Jessica, CO","2024-07-03","117-91-7363"
262,"Michael Acosta","nicholasjames@example.org","Arianaberg, GA","2023-10-04","890-19-2931"
263,"Eric Mack","lroberts@example.org","East Adam, WV","2021-02-08","260-02-7515"
264,"Kimberly Smith","lyoung@example.net","Chavezmouth, CO","2024-11-26","616-77-0108"
265,"Diana Fuller","brandonhernandez@example.net","Benjaminton, TN","2022-10-02","592-78-4890"
266,"Amber Butler","evanmitchell@example.net","South Kara, MN","2023-06-27","037-12-4904"
267,"James Jones","ebridges@example.com","Taylorview, MA","2023-06-01","540-53-8596"
268,"Lisa Rodriguez","webbhaley@example.net","Ronaldmouth, KS","2022-06-15","539-74-5798"
269,"Kathleen Daniel","lvasquez@example.net","Lake Kelly, ID","2021-10-10","002-16-0393"
270,"","hgarrett@example.net","Port Christina, MT","2024-03-11","047-43-5729"
271,"Christy Davidson","jonathan14@example.com","Katieville, TX","2025-06-09","342-44-6489"
272,"Lisa Johnson","not-an-email-address","East Mark, MA","2024-09-29","486-05-2225"
273,"Joe Grimes","steven60@example.net","Annettemouth, OH","2024-10-06","549-03-3413"
274,"Rebecca Barron","carl24@example.org","Tonyaside, MP","2025-07-31","170-74-9924"
275,"Bruce Patton","janet50@example.com","Millerbury, MN","2023-12-26","463-39-3542"
276,"Brian Glover","robinwallace@example.org","Steinberg, ID","2025-02-19","349-62-8580"
277,"Briana Wiggins","jamiejohnson@example.com","North Larryton, TX","2023-04-24","869-77-1427"
278,"Angel Meyer","andrew43@example.com","East Justin, ND","2023-07-04","327-99-7228"
279,"Christopher Wilson","clarkmichael@example.com","Donaldport, OK","2021-09-02","251-22-1168"
280,"Gina Wallace","anthonyberger@example.org","South Brianchester, MO","2023-04-27","184-91-9767"
281,"Emily Roth","beltrankatelyn@example.com","North Lisa, PW","2024-06-18","716-60-1594"
282,"Matthew Miranda","ohall@example.org","Robertafurt, HI","2024-07-18","717-86-5413"
283,"Andre Alvarez","timothy24@example.com","New Dakota, GU","2023-06-07","732-14-5340"
284,"Rebecca Patel","pgarza@example.net","New Erik, NJ","2025-05-26","394-09-5583"
285,"Leslie Mueller","vbradley@example.net","East Elaine, CA","2022-06-10","758-92-9408"
286,"Kyle Nguyen","shortgregory@example.com","New Danielfurt, MD","2024-10-22","507-83-1008"
287,"Charles Carpenter","shermandonna@example.com","Petershire, NV","2021-06-10","201-27-5188"
288,"Susan Torres","wrobbins@example.org","New Valeriefurt, PR","2023-03-22","131-38-1023"
289,"Tracy Smith","daniel40@example.org","Parkfurt, SC","2023-10-24","326-92-6272"
290,"Joshua Bates","jtaylor@example.com","Maryberg, LA","2024-02-15","894-86-2057"
291,"","alexanderwong@example.org","Barrettberg, CO","2021-11-02","658-54-7472"
292,"Jordan Coleman","ocruz@example.org","Jacobsshire, NM","2024-04-16","868-94-3879"
293,"Timothy Johnston","goodashley@example.net","Danielfort, UT","2024-12-08","082-19-8625"
294,"Blake Wu","sanchezcrystal@example.net","Lake Cynthiashire, ME","2023-01-18","628-07-5629"
295,"Julie Hunt","vberry@example.com","Susanport, LA","2025-03-22","172-05-9792"
296,"Kristy Brown","klane@example.org","Lisatown, LA","2023-04-04","497-11-2078"
297,"Richard King","joshua40@example.net","New Gregshire, WA","2024-12-20","155-85-7318"
298,"Debbie Haynes","hwhite@example.org","Traceyberg, PA","2023-10-25","842-20-8126"
299,"Cynthia Alexander","jasonnavarro@example.com","Lake Josephville, AR","2024-03-07","172-60-6534"
300,"Paul Goodwin","noahthornton@example.com","Dustinchester, AL","2024-09-20","296-58-6259"
301,"Melanie Williams","stephanie69@example.net","Matthewview, AS","2023-05-10","101-33-9572"
302,"Michael Allen","aprilbyrd@example.org","Amytown, MP","2023-12-31","070-02-6738"
303,"Melissa Bell","johnathan00@example.net","North Sheenaborough, PA","2021-07-02","654-16-1966"
304,"Beverly Douglas","pauladominguez@example.com","Stevenland, SC","2021-05-28","465-36-6996"
305,"Richard Ramirez","reyesmarvin@example.org","Stephanieview, HI","2023-06-03","452-09-8057"
306,"Cassandra Vasquez","amberreynolds@example.net","South Jenniferville, AZ","2022-05-18","075-10-9361"
307,"Paula Smith","ohernandez@example.org","Lake Peterberg, UT","2023-06-23","123-45-INVALID"
308,"Kaylee Case","zmendoza@example.net","New Jeremiahfurt, UT","2023-12-31","838-62-1986"
309,"Wendy Cook","richard15@example.net","Christophermouth, WV","2025-06-30","785-38-3328"
310,"Tracy Guerrero","heather15@example.com","Lake Samuelborough, DC","2022-03-04","037-25-0416"
311,"Arthur Fernandez MD","blevy@example.org","Brianton, MO","2022-09-12","122-28-8571"
312,"Sheila Herrera","sandyjohnson@example.org","Valdezfort, PW","2024-07-27","634-06-3977"
313,"Mark Conway","bryantgeorge@example.net","Port Lisaville, NM","2021-10-12","610-79-3614"
314,"Jessica Cain","rnguyen@example.net","West Mary, WY","2021-03-17","219-98-0747"
315,"","matthewmartinez@example.org","Jacksonstad, OH","2022-01-27","450-32-9536"
316,"Richard Chen","bstrickland@example.com","North Adrianland, VT","2021-01-06","668-76-4649"
317,"Rebecca Alvarez","jamiebowman@example.net","Jenkinsburgh, RI","2024-03-18","709-05-9770"
318,"Lisa Miller","michael08@example.org","North Valerie, CT","2022-03-15","634-47-8843"
319,"Julie Sims","not-an-email-address","West Brian, DE","2021-12-09","702-61-8152"
320,"Thomas Brown","justin64@example.com","Williamston, ND","2022-03-03","181-21-0477"
321,"Andrea Young","uwatkins@example.com","Lake Erica, MD","2024-10-18","236-15-5344"
322,"David Gutierrez","duplicate@example.com","South Patricia, CA","2024-09-04","600-63-0891"
323,"Timothy Gibson","dbrooks@example.net","Lake Michael, KY","2024-05-18","208-43-2085"
324,"Amy Taylor","kellis@example.com","West Cassandra, WY","2020-12-10","814-82-2785"
325,"","christophervincent@example.com","New Thomas, NH","2023-01-17","015-94-7015"
326,"Jeffrey Walker","robinvillanueva@example.com","North Vickiehaven, AZ","2022-10-08","436-68-6461"
327,"Melissa Garcia","jallen@example.org","Dodsonberg, MI","2024-09-30","303-31-1487"
328,"Eric Warner","braysteven@example.org","Lopezstad, SC","2020-10-21","476-91-0023"
329,"Michael Schmidt","ronald49@example.net","Port Gail, RI","2021-04-09","344-95-0899"
330,"Megan Barron","reyessteven@example.org","Michaelside, VT","2025-01-18","069-72-3355"
331,"Mrs. Ashley Mendoza","karenhodges@example.com","Rachaelhaven, TX","2021-11-06","434-36-0893"
332,"Jesse Mason","harrisonamanda@example.net","Shannonstad, AS","2021-03-17","690-89-1076"
333,"Judith Miller","keithfrye@example.org","West Daniel, FL","2022-04-10","509-20-3347"
334,"Alison Butler","thomasfisher@example.net","West Jaimetown, VI","2025-02-05","822-30-8514"
335,"Grant Lucas","todd88@example.com","Torresberg, MH","2023-07-12","809-40-2814"
336,"Jacob Roberts","hernandezjustin@example.org","Lake Amanda, HI","2022-11-18","180-91-2515"
337,"Andrew Stewart","scottwood@example.org","Lake Loganstad, FL","2022-01-16","382-58-8846"
338,"Barbara Johnson","dmack@example.com","North Tara, ND","2022-01-20","520-43-4843"
339,"Tracy Webster","laurenchandler@example.com","Hannahfort, MH","2024-09-13","042-18-9027"
340,"James Randall","uhoward@example.org","New Alicia, WY","2021-08-31","786-36-3207"
341,"Samuel Rhodes","daughertypreston@example.com","Carriehaven, AR","2020-11-11","683-47-6514"
342,"Scott Wood","duplicate@example.com","Alexanderstad, MI","2023-04-17","457-72-1436"
343,"Jill Riddle","zroberts@example.net","Chandlerchester, DC","2022-07-04","856-76-9797"
344,"Eric Mcneil","carl96@example.org","South Danielleview, MT","2021-05-27","180-72-7572"
345,"Breanna Lopez","froberts@example.org","Maryport, NM","2025-07-02","573-95-7594"
346,"Rick Moore","stephanie71@example.net","Robertfort, PW","2026-05-28","661-32-0467"
347,"Katherine Arellano","bianca96@example.com","Mccannville, MN","2021-09-07","525-94-9426"
348,"Carla Brown","steven25@example.org","West Michaelstad, AR","2020-10-26","297-38-8678"
349,"Pamela White","georgegary@example.com","Margaretport, KY","2021-04-28","702-90-5940"
350,"Heather Thomas","aprilwatson@example.com","Petersonburgh, CT","2021-06-26","224-20-8248"
351,"Colin Prince","butlersabrina@example.org","North Timothy, ME","2023-10-03","123-45-INVALID"
352,"Stacy Harper","gerald40@example.net","East Davidberg, UT","2021-11-07","233-40-2054"
353,"Blake Vazquez","joneskim@example.com","East Danielhaven, OR","2022-06-15","061-61-1949"
354,"Amanda Turner","not-an-email-address","Port Colinville, PW","2022-06-02","602-26-3028"
355,"Alyssa Thomas","stacy55@example.org","New Ashley, CT","2024-13-45","840-75-0230"
356,"Corey Campbell","beltrancorey@example.org","Richardsonshire, HI","2025-03-03","451-87-1759"
357,"","maryzavala@example.com","New Jeremy, DE","2023-05-06","127-60-1808"
358,"Philip Bush","millertristan@example.com","Stephenport, TX","2025-02-02","862-57-3701"
359,"William Patterson","jacobsonleah@example.net","Harryfort, TX","2025-05-19","108-51-7178"
360,"Angela Thomas","gneal@example.net","North Michael, ID","2025-02-11","347-26-9748"
361,"Ryan Hardy","kathy99@example.com","Kellyfurt, NM","2024-02-10","524-36-2415"
362,"David Crawford","anthonyrojas@example.org","Gregoryburgh, MS","2024-07-15","620-87-5357"
363,"Marcus Wolf","msparks@example.com","Henryview, ND","2021-12-20","352-70-8956"
364,"Amanda Jordan","reyesleonard@example.com","Stevenston, HI","2020-10-26","571-85-4966"
365,"Chad Baldwin MD","carrolltracy@example.net","Alvarezburgh, NY","2022-01-24","058-51-4316"
366,"Jamie Rhodes","luke09@example.org","Port Michael, AS","2024-11-16","760-75-0441"
367,"Jeffrey Braun","qbell@example.org","East Deborah, OR","2023-07-29","087-89-1074"
368,"Christopher Ryan","murraymichelle@example.net","Adamsfort, OR","2023-04-07","023-41-6189"
369,"Kenneth Stokes","vazquezjamie@example.com","Garrettport, MN","2025-07-10","447-26-8143"
370,"Kimberly Mitchell","evansashley@example.org","Lake Meganville, OR","2021-04-24","345-35-1103"
371,"Karen Clark","pearsonkevin@example.com","Alvaradomouth, ID","2025-06-27","425-52-4117"
372,"Phillip White","burtonzachary@example.org","Lewismouth, KY","2025-01-20","654-69-7107"
373,"Amy Gonzalez","jhernandez@example.net","Meganchester, MD","2025-06-26","881-09-3336"
374,"Dustin Martin","richardwilson@example.org","East Lauraport, NH","2024-03-06","498-72-7146"
375,"Amanda Moore","anthonyclarke@example.com","Lake Melissa, VA","2024-04-05","498-03-0907"
376,"Edward Brown","qmosley@example.net","South Sherryberg, IA","2021-05-20","115-74-8197"
377,"Sandra Herring","tyler13@example.net","Port Lindsaymouth, MP","2021-09-11","599-95-6389"
378,"Claudia Rodriguez","taragonzales@example.com","South Amandaville, MD","2022-09-05","559-55-7781"
379,"Sherry Giles","thomas54@example.org","Port Joditon, UT","2022-10-07","808-86-3927"
380,"Ellen Mullen","rebecca18@example.org","Pricefurt, PW","2022-10-27","262-39-1479"
381,"Scott Martin","zwelch@example.net","Mccormickview, VI","2022-09-03","083-63-7719"
382,"Tammy Cook","gmcdowell@example.org","","2022-11-21","519-09-5765"
383,"Robin Rojas","wneal@example.org","Lake Scott, SD","2024-04-01","140-01-6565"
384,"Emily Miller","johnreeves@example.net","Port Brooke, MT","2022-05-16","812-41-7398"
385,"Brandi Thompson","lauren31@example.com","Hunterfurt, MP","2024-09-27","585-29-0340"
386,"Maria Sims","mccannjames@example.net","North Richard, NE","2020-11-12","615-34-2446"
387,"Carolyn Bradley","higginsryan@example.com","Wilsonborough, ID","2021-06-05","883-35-4718"
388,"Janet Reynolds","carolcarney@example.com","South Henry, WY","2021-11-29","123-45-INVALID"
389,"Dennis Williamson","mikesutton@example.com","North Taylormouth, UT","2020-11-30","408-88-3477"
390,"Nancy Scott","hawkinsbrett@example.org","Odonnellton, AL","2023-12-07","260-65-6242"
391,"Megan Anderson","carpenterjorge@example.net","Conradmouth, DC","2023-03-30","092-41-8691"
392,"David Edwards","victormcpherson@example.com","","2023-09-27","441-37-4313"
393,"Jessica Martin","jgallagher@example.net","Brownberg, AR","2022-11-30","236-24-0588"
394,"Michael Graham","wwilliams@example.net","Ellisville, PR","2024-09-02","738-19-2026"
395,"Sean White","karencarson@example.net","New Whitney, AL","2023-08-24","539-99-9352"
396,"Billy Tate","clayanthony@example.net","South Nathanielville, MP","2022-03-17","332-20-0474"
397,"Michael Castillo","brooke05@example.org","Nguyenshire, DC","2021-05-11","217-07-4636"
398,"Natasha Payne","qdavis@example.org","Port Michelle, CO","2023-06-03","022-27-2670"
399,"Dominique Goodwin","davidhenry@example.com","Rebeccaberg, MI","2023-12-23","682-13-6021"
400,"Katherine Mcclure","duplicate@example.com","Adamschester, CO","2024-04-06","831-48-3054"
401,"Anna Palmer","prhodes@example.net","South Alison, SD","2024-05-12","538-11-4763"
402,"Terry Woods","traceysutton@example.com","New Ronald, OK","2024-08-26","049-71-1254"
403,"Kayla Gutierrez","kguerrero@example.com","Jonathanland, WI","2021-01-20","516-03-1867"
404,"Clarence Long","butlerjanet@example.com","Toddmouth, RI","2024-08-10","828-34-5593"
405,"Blake Hendrix","monica16@example.net","North Randalltown, GA","2022-04-06","672-62-7540"
406,"Tracy Guzman","nturner@example.com","Ballardland, DC","2024-02-12","139-02-3127"
407,"Melissa Lopez","clarkdeborah@example.net","South Megan, PR","2021-08-15","809-69-3128"
408,"John Wells","wilsonrachel@example.net","Maynardfort, AK","2021-05-27","881-58-9589"
409,"Edward Gallegos","awilliams@example.org","","2024-05-05","426-64-9481"
410,"Mrs. Jennifer Palmer DDS","dhall@example.net","South Barbaraside, CA","2025-05-21","275-83-6835"
411,"Marcus Lucas","bterry@example.org","Jessicafort, MI","2024-09-11","449-30-8318"
412,"Melinda Dorsey","sanderson@example.net","Moyerstad, WY","2022-07-16","484-21-3395"
413,"Angelica Webb","jamesobrien@example.org","Hahnfort, ME","2023-01-27","241-27-9124"
414,"Albert Ibarra","duplicate@example.com","Ericaburgh, GU","2024-12-14","033-09-5534"
415,"Darrell Hoffman","vscott@example.com","Port Natalieview, MH","2024-05-01","155-89-8445"
416,"Tammy Kim","westes@example.org","Port Cherylville, GU","2021-07-22","576-06-8312"
417,"Bruce Harris","eric47@example.net","Oconnorville, FL","2021-07-26","663-47-5483"
418,"Dakota Montes","sanchezlisa@example.com","Williamland, KY","2021-11-04","382-92-6800"
419,"Danielle Mullins","icobb@example.com","Hardinmouth, PR","2023-09-27","529-88-5928"
420,"Randy Robbins","millerleroy@example.org","Brownton, TN","2020-12-03","657-20-9414"
421,"Veronica Lloyd","robert84@example.net","Reginatown, GU","2021-02-28","287-68-2407"
422,"Jill Harris","zterry@example.net","Roweport, CO","2024-13-45","038-69-5481"
423,"Natalie Martinez","jason88@example.com","Katherineburgh, AK","2023-12-27","029-70-9708"
424,"Raymond Barber","dennismckenzie@example.com","Davidville, NV","2022-11-14","306-74-0086"
425,"David Reese","michaelmitchell@example.net","Lake Nicholas, WA","2024-07-10","254-14-5372"
426,"Samantha Ward","thomasronald@example.com","North Bryanberg, NJ","2025-01-23","220-58-1280"
427,"Joseph Chapman","lwiggins@example.com","Barajasfort, VA","2024-13-45","427-21-2365"
428,"Michael Anderson","bensonstanley@example.org","New Mike, DE","2024-12-21","617-53-1808"
429,"Dylan Mills","watsonvickie@example.com","Toddberg, FL","2021-09-12","803-76-6911"
430,"","zunigakevin@example.com","East Lori, NM","2020-09-08","126-71-5713"
431,"Jennifer Berry","ymccullough@example.com","Davenportberg, WV","2021-03-30","142-65-7552"
432,"Brittany Luna","marshelizabeth@example.com","Hallfurt, MA","2024-06-30","554-06-7260"
433,"Maria Cline","","New Crystalport, OH","2021-09-21","660-72-1396"
434,"Kimberly Todd","karenshaw@example.org","Lake Sharonburgh, AK","2022-04-22","282-27-4019"
435,"Robert Lawson","fchapman@example.org","Samuelchester, AK","2025-08-07","881-68-5200"
436,"Brandon Petty","not-an-email-address","West Douglas, KS","2021-06-07","158-40-6673"
437,"Tyrone White","evanscorey@example.org","Orozcoview, MS","2022-02-09","848-16-0850"
438,"Kyle Young","ravery@example.org","Stevenchester, CA","2022-05-24","496-04-6677"
439,"Susan Smith","sanchezangela@example.org","Ashleymouth, CO","2024-13-45","867-82-8200"
440,"Brenda Fernandez","kimberlymedina@example.com","Williamsmouth, MP","2022-05-27","636-38-2743"
441,"Thomas Nelson","mary65@example.net","New Mary, LA","2020-09-03","047-21-8751"
442,"Brandon Hale","jessicalutz@example.com","New William, AS","2025-06-17","326-88-5614"
443,"Michelle Nelson","matthew79@example.com","Lake Dennistown, PA","2022-11-23","488-01-0157"
444,"Steven Warner","ymedina@example.net","New Anthonymouth, TX","2022-02-23","127-46-6167"
445,"Ryan Cain","martinezmitchell@example.org","Smithtown, WV","2023-09-19","288-88-5863"
446,"Louis Turner","jimsnyder@example.com","West Trevorborough, AL","2022-04-20","201-82-6490"
447,"Laura Snyder","donnaknight@example.net","North Brianna, WA","2021-08-12","067-17-4254"
448,"Sierra Daniel","james08@example.net","Erinmouth, AL","2025-07-08","438-83-0850"
449,"Zachary Hill","hsimpson@example.org","North Joshua, MT","2023-06-02","546-58-5182"
450,"George Beard","mooneyjeremiah@example.net","Rosariobury, ID","2020-09-18","169-43-5093"
451,"Anne Castillo","watkinsconnie@example.com","Johnfort, IA","2021-03-16","349-07-5466"
452,"Terri Parsons","oduran@example.com","North Territon, MS","2025-02-02","321-89-1066"
453,"Amy Lang","duplicate@example.com","West Cherylchester, CA","2021-07-15","694-08-9163"
454,"James Davis","mhall@example.net","South Patrickchester, FM","2021-02-11","636-80-1660"
455,"Megan Johnson","briana11@example.org","New Kristineborough, MH","2023-07-24","587-17-8338"
456,"John Oliver","johnrobles@example.org","West Breanna, NY","2022-11-07","668-97-5862"
457,"Kimberly Thomas","vparker@example.com","Tarahaven, OR","2023-04-26","674-87-2370"
458,"Robert Hansen","hendersonjames@example.org","Port Casey, ID","2021-02-27","684-61-7658"
459,"Kylie Rogers","robert21@example.com","South Jeffreytown, SC","2023-06-27","229-89-3773"
460,"Cynthia Navarro","lindsay63@example.com","Port Veronica, MN","2024-08-21","011-10-5864"
461,"Brenda Alexander","bradley03@example.org","Grantview, VA","2020-12-04","179-44-9086"
462,"Craig Thompson","not-an-email-address","Reneetown, MP","2021-11-02","389-84-1819"
463,"Elizabeth Allen","donna89@example.com","North Drewberg, WY","2023-07-20","195-25-8726"
464,"Emily Jordan","samanthahines@example.net","Port Amanda, WY","2023-11-21","153-42-4050"
465,"Diana Martinez","fclark@example.com","East Williamhaven, MN","2021-02-14","511-67-7607"
466,"James Neal","lwells@example.com","East Jeffreyborough, NV","2022-03-12","884-31-6487"
467,"Stephen Duncan","jonathan12@example.org","Seanstad, IN","2022-07-13","598-06-7623"
468,"Jessica Mcdonald","frichardson@example.com","Patrickburgh, NV","2025-01-10","240-34-1244"
469,"Elizabeth Shaw","hartmansara@example.org","North Michaelside, ID","2023-09-22","342-26-5395"
470,"Robert Sutton","james92@example.net","Alanport, LA","2022-10-18","843-45-6617"
471,"Norma Smith","michelleperez@example.net","South Jesus, OR","2024-02-14","805-71-7680"
472,"Brady Singleton","scarrillo@example.com","South Shannon, OH","2024-08-05","031-48-2277"
473,"Bethany Harding","porterdonna@example.com","","2023-07-24","231-54-6975"
474,"Melissa Evans","bradleyantonio@example.org","West Ashley, AS","2024-02-07","618-78-9403"
475,"Christina Myers","glopez@example.com","Fowlerport, CO","2023-12-30","176-14-9059"
476,"Michael Burns","jamespruitt@example.com","Jamieport, TN","2022-03-07","537-09-7450"
477,"Adam Murphy","hmyers@example.org","Mendozaland, MS","2021-02-27","887-27-2129"
478,"Robert Ortega","cassandracrosby@example.net","New Jennifer, NH","2022-06-03","283-26-0122"
479,"Roger Jacobs","aliciakent@example.com","Fordton, WA","2021-11-19","094-37-7477"
480,"Ryan Sparks","zaustin@example.org","Wrightchester, NH","2026-01-30","675-24-9317"
481,"Tracy Allen","joshuafuller@example.com","Lake Jessicaborough, PW","2021-06-25","506-53-9058"
482,"Angela Garcia PhD","robert24@example.org","South Anthonymouth, MS","2021-09-13","352-96-6543"
483,"Adam Wilson","markgoodman@example.com","Jonesside, TN","2022-04-28","249-92-7172"
484,"Douglas Martin","lawsongregory@example.org","Jacksontown, TX","2021-11-11","280-20-7220"
485,"Miguel Stafford","scottwilliams@example.net","South Hannahmouth, AR","2023-09-19","613-01-0798"
486,"Tanya Brooks","jamessmith@example.org","West Loriland, IN","2023-11-18","099-86-2751"
487,"Jose Ochoa","anna39@example.org","Mcmillanville, IN","2022-02-02","219-14-5843"
488,"James Stewart","olewis@example.org","Debrastad, AZ","2023-06-03","069-28-6736"
489,"Kathryn Mooney","johnathandavis@example.com","Gregoryberg, MA","2023-03-27","180-82-5210"
490,"Alan Barr","oreyes@example.net","New Briana, AL","2024-10-08","239-03-2033"
491,"Jeffrey Sanchez","brownnicholas@example.com","East Nicholas, SD","2023-04-19","039-31-9799"
492,"Jill Wiley MD","dawn08@example.com","Karenbury, PR","2026-06-14","340-44-3970"
493,"Susan Ortega","lauriehorton@example.org","Boydburgh, NV","2022-06-03","645-01-1059"
494,"Corey Walters","shawnamartinez@example.org","East William, NE","2024-11-07","743-60-5104"
495,"Danielle Thompson","kevinray@example.net","West Michelle, NJ","2022-01-25","082-47-6525"
496,"Jeremy Wagner","ywolf@example.com","Port Patrickland, WV","2023-11-19","308-77-8802"
497,"Casey James","shawn68@example.net","Jonesberg, VT","2021-12-20","481-26-2536"
498,"Scott Cross","travis66@example.net","Patrickport, SD","2022-04-14","603-10-6698"
499,"Belinda Frederick MD","xkrueger@example.net","Williamfort, SC","2020-12-31","706-48-0946"
500,"Nancy Allen","dorseymichael@example.net","Lake Elizabethberg, KS","2023-12-13","620-59-2415"
501,"Lance Lynn","alexanderwise@example.net","","2023-12-10","408-91-9604"
502,"Chelsea Henderson","tking@example.net","Willischester, WV","2021-05-09","898-94-1457"
503,"Paula Cooper","josephclark@example.net","Haletown, GA","2021-08-07","836-63-0026"
504,"Michael Warren","jessica22@example.com","Lake Dennis, NM","2021-06-29","187-65-1807"
505,"Christy Harris","lisalee@example.com","Simsville, VI","2024-07-03","652-22-1308"
506,"Caleb Brown","richardstimothy@example.net","North Brucetown, TN","2023-03-01","597-06-1587"
507,"Ricky Bennett","sarah75@example.net","Rogersmouth, MD","2022-09-16","123-45-INVALID"
508,"Jamie Brown","morgan10@example.com","Hardyberg, AK","2023-09-29","617-16-8694"
509,"Nicole Wright","qmontgomery@example.com","Kellertown, SC","2023-01-18","833-42-0273"
510,"Tracy Fitzgerald","fhall@example.com","West Ronniefort, TN","2023-09-26","878-90-1646"
511,"Cory Thomas","andersonlaura@example.com","Jacksonmouth, DE","2023-12-11","494-85-8859"
512,"Christopher Raymond","garciavictoria@example.org","West Raven, WI","2022-09-20","288-29-4221"
513,"Meagan Wade","sdavis@example.com","New Katie, PA","2024-09-20","067-83-5624"
514,"Natalie Hardy","ostokes@example.com","West Christopherland, MA","2023-11-17","759-76-3083"
515,"Audrey Richardson","stephanie90@example.com","New Amandafurt, NE","2024-13-45","328-99-5981"
516,"Lindsay Walker","dsmith@example.com","Port Sherri, MP","2021-09-29","225-64-7468"
517,"Brianna Ortega","georgekyle@example.net","West Wendyshire, NJ","2021-12-04","647-28-8111"
518,"Jamie Zavala","eric33@example.net","Port Kimberlyfort, VA","2023-02-24","402-39-2609"
519,"Gail Gregory","katherine61@example.net","Justinborough, UT","2020-11-08","877-71-6452"
520,"Paul Carpenter","hornjenna@example.com","New Devin, UT","2021-07-01","495-38-2373"
521,"Paul Moss","coxmelissa@example.org","South Stephanie, NE","2022-06-15","696-22-0923"
522,"William White","wilsonzachary@example.com","Bookerfurt, IA","2020-12-16","123-45-INVALID"
523,"John Watts","denisebennett@example.net","Port Stevenfurt, KY","2021-09-06","648-84-7293"
524,"Bruce Martinez","andrewberry@example.net","Hillville, WY","2023-10-18","608-24-6291"
525,"Dr. Elizabeth Martinez MD","richardhaynes@example.com","Brownshire, ND","2024-10-15","731-84-2034"
526,"Stephanie White","adamwest@example.com","North Davidborough, SD","2022-06-08","166-12-9216"
527,"Amanda Whitney","michael82@example.com","East Kevinhaven, MH","2022-11-08","802-38-8751"
528,"John Edwards","catherine83@example.net","Lake Loribury, AZ","2024-06-15","193-19-4911"
529,"Lindsey Robinson","joshua96@example.org","Jorgeburgh, MO","2022-07-02","468-11-4165"
530,"Briana Harris","wanda35@example.net","South Lorraine, MD","2024-04-15","807-56-6209"
531,"Danielle Nelson","suttonrichard@example.com","West Reginaview, FL","2020-11-21","890-29-4484"
532,"William Walker","pattondavid@example.net","Briannafort, CT","2020-10-02","542-45-9375"
533,"Kristen Lawson","","East Louisfurt, HI","2023-08-10","826-95-8712"
534,"Sarah Woods","jonathonparks@example.net","Lake David, MS","2025-05-12","582-95-4381"
535,"Margaret Wood","erikabarnes@example.com","South Valerie, AS","2021-02-13","480-65-4700"
536,"Kelly Higgins","kevinhodge@example.com","Townsendland, SC","2023-01-06","082-10-3933"
537,"","martinbrian@example.net","Angelafort, AS","2020-10-05","435-87-8335"
538,"Jose Cuevas","sullivanchristina@example.net","Lake Ronaldside, WA","2021-10-30","354-32-8653"
539,"Traci Craig","gregoryrichardson@example.org","Stephaniechester, NM","2021-01-11","389-22-6116"
540,"Michael Decker","robertstimothy@example.com","North Joann, OK","2021-08-19","404-28-4995"
541,"Amanda Ford","abrown@example.net","Murphystad, CT","2025-01-20","006-45-3051"
542,"Brian Vasquez","ricerachel@example.com","South Adamview, IN","2024-02-03","482-51-6133"
543,"Steven Herrera","daniel77@example.org","West Julie, AL","2023-03-20","368-91-3252"
544,"Andrew Foster","rachel23@example.com","Davidfort, OH","2021-08-11","508-88-2088"
545,"Phyllis Ross","ganderson@example.org","East Maurice, AL","2023-06-08","786-88-3875"
546,"Gloria Bray","hamiltonkeith@example.com","Port Royberg, VA","2021-02-10","524-24-4088"
547,"Sharon Gamble","elizabethpatterson@example.com","Lake Jessicaburgh, ID","2023-01-23","876-76-2437"
548,"James Hill","sarahsimmons@example.net","North Michelle, MS","2022-08-15","418-68-5021"
549,"Jeffery Brown","tschneider@example.org","Michaelstad, VT","2022-08-22","429-32-5241"
550,"Aaron Guerrero","jason74@example.net","South Jackfort, MN","2021-01-27","343-39-1828"
551,"Melanie Townsend","markfigueroa@example.com","Johnview, IL","2021-06-30","599-50-1430"
552,"Patrick Martinez","jamesgriffin@example.org","New Christineport, VA","2021-07-29","486-98-3310"
553,"Amanda Lee","patricia85@example.com","Sotoville, PW","2025-03-17","447-09-7911"
554,"Tiffany Gibbs","carolhorton@example.org","Brandonshire, AR","2024-03-26","814-89-3117"
555,"Joseph Palmer Jr.","ychristensen@example.net","Moralesview, IL","2024-01-19","189-01-2622"
556,"Michael Suarez","ugordon@example.net","Kevinbury, LA","2025-07-14","726-35-9047"
557,"Angel Allen","bowmansheri@example.com","West Morgan, AR","2021-09-07","658-32-3441"
558,"Matthew Chen","mark84@example.net","South Rachel, LA","2025-03-20","333-08-0171"
559,"Vincent Thompson","medinatiffany@example.net","Lake Juliefurt, SD","2023-09-11","264-81-9902"
560,"Ruth Walker","james62@example.com","Lake Jessica, MN","2025-10-30","491-12-8126"
561,"Cody Huffman","ashleyharding@example.org","Andrewburgh, FM","2024-13-45","182-51-9959"
562,"Benjamin Sanchez","hgarcia@example.org","New Coryfurt, AK","2022-04-08","113-02-0717"
563,"Bradley Thomas","sparksalbert@example.org","Melissaland, ID","2021-10-17","143-62-9222"
564,"Robin Parker","dmoore@example.net","Courtneyville, AK","2021-01-18","123-45-INVALID"
565,"Ashley Tanner","othomas@example.org","South Paul, MI","2021-07-18","672-37-3701"
566,"Michelle Valenzuela","hjackson@example.org","West Michaelmouth, DE","2023-12-11","370-11-0711"
567,"Cassandra Moreno","duplicate@example.com","Lake Ronald, MH","2023-03-27","640-37-5708"
568,"Jonathan Wood","lisa10@example.org","West Dylan, NV","2021-07-21","739-62-1103"
569,"Jeffrey Acosta","christophercooley@example.org","Gomezfort, NE","2024-10-06","123-45-INVALID"
570,"Jennifer Leon","devon36@example.com","Ryanfort, ND","2025-03-25","123-45-INVALID"
571,"Kevin Fisher","jacquelineyoung@example.org","Port Andre, OH","2022-08-17","486-18-1805"
572,"Heather Atkinson","kenneththomas@example.net","Sanchezbury, AR","2021-03-06","765-18-1921"
573,"Alexander Hanna","brian19@example.org","Monroeburgh, AK","2021-11-20","151-47-2315"
574,"Adam Guerra","lhernandez@example.com","Lake Allison, ME","2021-05-05","482-53-5527"
575,"Melissa Mitchell","brianday@example.net","New Ethan, MO","2024-06-12","853-55-7444"
576,"Deanna Armstrong","jenna62@example.com","New Nicholasberg, WA","2025-05-20","217-52-0918"
577,"Rodney Daugherty","velasqueztaylor@example.com","Wilcoxburgh, AR","2022-07-14","823-48-6951"
578,"Brian Cox","anthony42@example.net","North Jasontown, WV","2022-04-30","317-25-9039"
579,"Amanda Adams","elliottkristy@example.org","West Christopherport, AL","2022-05-21","366-97-4627"
580,"Emily Myers","terri15@example.com","New Lindseyberg, AK","2024-01-21","602-49-7815"
581,"Amanda Martin","omiller@example.org","East Lindsey, SD","2025-08-28","145-99-2639"
582,"Kathryn Gay DDS","","Sethberg, MA","2023-02-22","369-80-7060"
583,"Micheal Vega","duplicate@example.com","East Wendy, PA","2021-04-23","157-73-8152"
584,"Brenda Harrell","portershawn@example.org","Evanview, OK","2021-07-01","373-46-1462"
585,"Raymond Scott","wgood@example.com","North Teresa, NM","2021-04-11","041-47-4697"
586,"Manuel Becker","nrichardson@example.com","Christopherchester, NY","2024-01-30","461-34-0700"
587,"Maria Figueroa","","Lake Lori, AL","2021-12-26","874-14-4763"
588,"Kelly Nash","not-an-email-address","South Morgan, TN","2021-06-19","358-60-7676"
589,"Julie Miller","lowerysandra@example.com","South Mark, MD","2025-03-22","351-78-7968"
590,"Karen Ramirez","gardnerstacy@example.org","West Ashley, PA","2022-06-24","793-49-1023"
591,"Veronica Lewis","mirandacisneros@example.net","Nelsonburgh, CO","2023-09-30","146-09-4488"
592,"Shane Hayes","qwarren@example.com","Port Brian, MH","2024-02-12","439-44-4865"
593,"Tom Olson","tammykim@example.net","Morrowside, WY","2022-01-26","612-26-1275"
594,"Laura Thomas","alexis72@example.com","Danielchester, KS","2025-02-05","123-45-INVALID"
595,"Terri Mathews DDS","johnsonjulie@example.org","Hortonburgh, PA","2020-09-13","387-28-5704"
596,"Corey Frazier","woodmichael@example.com","Wayneville, UT","2026-03-15","665-59-6784"
597,"Ronald Simmons","daniel27@example.com","Gregoryburgh, ND","2024-02-29","447-49-4670"
598,"Michaela Pace","cowanlinda@example.org","Lake Allenchester, CT","2024-05-23","509-96-8925"
599,"Jeremy Perkins","contrerasmelissa@example.org","","2022-07-26","796-59-9038"
600,"Scott Sampson","tammy76@example.net","Smithstad, WY","2023-11-29","230-65-4647"
601,"Deborah Roberson","anunez@example.com","North Anthonystad, MP","2022-12-12","837-67-9830"
602,"Christopher Armstrong","zallen@example.org","","2024-01-06","849-07-9468"
603,"Todd Myers","richardflores@example.org","Hallberg, NY","2024-13-45","122-81-9453"
604,"Lori Green","stacyharris@example.org","South Alexandershire, FL","2024-01-02","029-80-8908"
605,"","armstronganthony@example.net","South Cynthia, WI","2023-09-19","192-31-3634"
606,"Ryan Barber","qtownsend@example.org","Christopherberg, SC","2023-03-13","024-82-9493"
607,"Timothy Martinez","justinkline@example.org","South Meganborough, MO","2021-07-20","104-63-0360"
608,"Tyler Jones","ubrooks@example.net","Stokesburgh, ME","2024-03-10","011-23-9295"
609,"Grant Reed","moorejudy@example.org","New Anthony, AK","2020-12-08","531-66-2497"
610,"Ashley Robinson","dillon12@example.com","Timothyland, MI","2022-07-06","726-71-4823"
611,"Kathleen Hunt","qnielsen@example.org","Lake Meghan, VT","2024-08-23","288-51-1686"
612,"Laurie Martin","stephaniefreeman@example.com","Carlsonview, GU","2025-08-20","327-80-1763"
613,"Keith Brooks","colepamela@example.net","Brendaport, PA","2023-12-06","847-83-8692"
614,"Allen White","ruben25@example.org","East Dianestad, FL","2024-13-45","799-41-2004"
615,"Adam Murphy","ubradley@example.org","South Justinborough, NC","2020-10-01","223-14-9191"
616,"Theresa Aguirre","berrydebbie@example.net","Stewartmouth, ID","2023-01-13","202-07-8093"
617,"Donald Wilson","ujackson@example.net","Youngtown, LA","2024-11-29","019-83-9434"
618,"Diane Skinner","ijohnson@example.net","West Deannaland, NJ","2020-09-16","098-54-4932"
619,"Gregory Miller","troy06@example.com","Snyderville, MP","2023-01-03","383-80-1684"
620,"Roger Taylor","michelle63@example.org","East Jenniferstad, GU","2020-12-01","551-01-0861"
621,"Amanda Williams","charles59@example.com","Hollyberg, OR","2022-11-17","472-16-2070"
622,"Nicole Barron","qwalsh@example.org","New Timothy, NM","2023-05-22","288-42-7909"
623,"Ralph Dawson","angelica33@example.net","North Teresaton, IL","2022-08-04","014-86-3542"
624,"Chelsea Garcia","lisagill@example.net","Kathleenport, VT","2024-08-26","465-84-2524"
625,"Ashley Anderson","not-an-email-address","Paulmouth, VI","2025-01-14","208-52-3080"
626,"Christopher Parker","thomasnancy@example.net","East Allenmouth, HI","2021-04-03","274-04-7803"
627,"Derek Mcintosh","gomezjason@example.com","Romeroton, NV","2025-03-09","280-48-1603"
628,"Monique Henderson","jaime29@example.com","Stoneville, TX","2021-02-01","052-83-4079"
629,"Anthony Johnson","john81@example.com","New Holly, MO","2021-08-13","402-51-1660"
630,"Sherry Adams","georgeharris@example.net","Janiceport, VA","2022-07-17","004-13-3033"
631,"Melody Woods","melissa32@example.com","East Jacobmouth, FL","2024-13-45","014-86-7776"
632,"Alex Mccann","jacksonkathleen@example.org","Tarashire, AL","2024-13-45","501-32-7743"
633,"Alan Frazier","mary88@example.org","Port Clifford, ME","2021-08-07","824-95-5500"
634,"Gregory Gardner DDS","michael05@example.com","Patriciafort, DE","2024-07-09","277-88-8509"
635,"Alicia Irwin","","Lake Virginia, MI","2024-11-26","032-32-9464"
636,"Patrick Lee","rfowler@example.net","Archerhaven, HI","2024-05-02","272-87-5716"
637,"Jason Mcknight","james98@example.net","Maryville, NE","2023-06-27","815-59-9285"
638,"Wayne Porter","stevenhernandez@example.com","West Tommy, CA","2023-08-16","819-38-0256"
639,"Daniel Petersen","duplicate@example.com","North Tracytown, NE","2023-09-01","677-01-0818"
640,"Shawn Glover","stephaniereeves@example.org","South Brenda, CO","2022-10-23","298-29-0527"
641,"Danielle Gregory","ghenderson@example.com","Carlaburgh, OK","2024-09-11","447-87-5284"
642,"Randall Wright","tspencer@example.com","West Ashleymouth, ND","2025-08-03","188-49-7159"
643,"Jeremy Edwards","taylor67@example.com","Murrayside, AK","2021-06-27","786-54-1449"
644,"Lisa Turner","bettywatson@example.net","Brianfurt, DC","2026-02-06","687-01-7583"
645,"Anthony Brown","cookconnor@example.com","Vaughnton, DE","2025-01-28","759-75-8370"
646,"Kelli Hart","rtaylor@example.net","West Courtney, VA","2021-02-13","007-63-3289"
647,"Christian Hobbs","wrightdale@example.org","Myersville, ME","2021-08-24","415-62-3016"
648,"Kimberly Underwood","nvillarreal@example.org","Thomastown, HI","2022-09-01","146-96-3944"
649,"Melissa Gonzalez","qroberts@example.org","Richardsonview, MO","2022-02-14","396-90-1759"
650,"Jeffery Johnson","ywilson@example.org","Austinmouth, AZ","2024-08-13","364-18-7667"
651,"Judy Smith","duplicate@example.com","West Vincent, VI","2024-12-13","216-45-8603"
652,"Arthur Rios","diana95@example.com","West Kristen, TN","2025-12-29","404-09-7926"
653,"Lisa White","david59@example.net","Breannafurt, CA","2023-11-15","047-04-2608"
654,"Brian Villa","omorris@example.net","North Rachel, HI","2022-08-22","746-50-6883"
655,"David Johnson","alexandernicholas@example.net","East Manuelmouth, MS","2021-03-20","137-82-9401"
656,"David Kim","jeremiah26@example.net","North Brandi, SC","2025-05-27","685-13-3335"
657,"Stephanie Ward","ecarroll@example.com","Lake Jessica, PW","2020-12-14","746-83-8654"
658,"Daniel Carey","michael82@example.org","Pattersonfurt, VI","2024-11-21","073-73-1281"
659,"Elizabeth Wilson","brettfernandez@example.org","Port Shelia, MP","2021-10-02","258-50-5864"
660,"Seth Donaldson","fergusonjohn@example.net","Reginaldton, ND","2026-05-31","114-75-7717"
661,"Victoria Delgado","morganjose@example.com","East Jamesmouth, WV","2026-05-18","064-31-8087"
662,"Kristy Bishop","reedchad@example.com","New Timothyberg, KY","2021-04-16","741-06-1705"
663,"Danny Bell MD","andrewbrown@example.org","Flemingtown, OH","2020-12-21","494-07-6343"
664,"Jessica Simmons","darrellwilson@example.net","Michaelmouth, NE","2023-11-18","060-31-3802"
665,"","chapmanjeremy@example.net","Port Alexisbury, GU","2021-02-25","079-08-2077"
666,"Andrew Bailey","whitneyanderson@example.com","Sandovalland, CA","2024-05-26","257-70-3373"
667,"Robin Hurst","scottturner@example.com","Mistybury, NC","2024-11-17","274-41-8871"
668,"Amy Mccullough","","Ramirezborough, PW","2021-11-02","862-67-3778"
669,"Juan Martinez","barryyoung@example.com","Bentontown, NM","2020-12-15","123-45-INVALID"
670,"James Wilcox","brownmelissa@example.com","Smithfurt, MS","2022-12-20","455-06-3678"
671,"Matthew Patel","anthony50@example.net","Sandraview, AS","2022-06-03","772-76-3548"
672,"Glenda Calderon","yglenn@example.net","Port Danielfurt, VA","2026-08-31","695-37-8762"
673,"Nathan Mack","francisco67@example.net","East Rebecca, KY","2024-08-12","819-88-4496"
674,"Dr. Elizabeth Duncan MD","michael49@example.org","West Ashleymouth, MP","2021-05-25","271-23-7272"
675,"Adam Johnson","timothy83@example.com","New Sheilaview, MH","2024-08-09","625-71-5146"
676,"Jessica Scott","","Jordanfort, DC","2022-08-09","646-23-2407"
677,"Mary Hall","","East Gabriellemouth, OR","2023-05-15","043-71-3735"
678,"Wendy Hester","gregorymeredith@example.com","New Jimmyville, CA","2021-03-09","520-57-1855"
679,"Damon Hudson","bjones@example.com","North Mark, WY","2025-01-06","369-43-6687"
680,"William Howell","michealcarter@example.org","North Chelseamouth, NY","2023-11-10","733-95-8327"
681,"Teresa Gray","sandovaledward@example.net","North Susanbury, OK","2025-08-13","516-74-8983"
682,"Barbara Johns","lawsondonna@example.net","Stewartborough, MP","2024-03-23","590-38-3999"
683,"Randall Cox","hedwards@example.net","South Jessica, FM","2023-06-20","420-47-1306"
684,"Angela Cox","cjacobs@example.com","New Maria, DC","2023-08-31","551-32-6679"
685,"Mary Jacobs","not-an-email-address","Matthewville, CO","2024-02-23","432-65-2432"
686,"Mackenzie Barton","nancysmith@example.org","","2024-03-25","270-98-9087"
687,"Beth Johnson","kjohnson@example.org","New Michelle, PW","2024-08-31","398-55-5806"
688,"Justin Joseph","rogersmallory@example.com","Lake Brandonstad, NV","2021-10-02","419-81-7369"
689,"John Taylor","jenniferlawrence@example.net","East Paulashire, OR","2024-05-17","379-87-7431"
690,"Christopher Sharp","shirley13@example.com","Petersonshire, NC","2023-11-24","538-75-8327"
691,"Jessica Morris","katherine20@example.net","South April, OK","2023-05-06","123-45-INVALID"
692,"Christopher Roberts","kgonzales@example.com","Vanessaville, IN","2021-07-08","683-36-2311"
693,"Ryan Fischer","georgebernard@example.net","North Tracy, GU","2021-06-27","027-48-3329"
694,"Travis Simmons","dmeyer@example.com","Lake Jasmineville, NV","2026-08-14","443-64-4310"
695,"Wendy Dennis","schmittlinda@example.net","Lake Charles, GA","2021-05-29","520-43-4524"
696,"Nicolas Powers","mannleroy@example.org","","2024-05-10","103-91-8541"
697,"Justin Monroe","averycourtney@example.org","New Nicholas, IN","2023-05-16","690-26-4347"
698,"John Lopez","not-an-email-address","Campbellborough, SC","2021-06-04","529-93-3510"
699,"John Carr","benjaminwatts@example.net","Welchbury, SC","2020-09-11","358-62-8692"
700,"Sara Golden","ohenry@example.com","Amyport, CT","2022-03-15","225-15-4707"
701,"Erika Bates","thompsonstephanie@example.net","West Heidiberg, WI","2024-03-28","496-63-9848"
702,"Alyssa Adams","pamelapatton@example.org","Josemouth, MT","2024-03-05","401-57-6967"
703,"Anthony Washington","matthewcardenas@example.com","Ortizshire, FM","2024-01-23","171-69-3379"
704,"Lisa Rivera","clementsandrew@example.com","Port Janetstad, WI","2021-08-10","785-71-1040"
705,"Heidi Gonzalez","maryfoster@example.net","West Laurie, PW","2021-02-01","383-43-6774"
706,"Danielle Smith","fischeralisha@example.net","Moodyton, GA","2022-07-03","290-39-0398"
707,"Melissa Johnson","hessnicholas@example.com","Port Joy, KY","2022-08-17","883-11-1254"
708,"Nathan Farmer","duplicate@example.com","Smithside, PA","2021-12-17","098-95-9637"
709,"Larry Collins","ronald04@example.com","Harrisview, SD","2023-12-31","591-61-6170"
710,"Daniel Russell","timothy88@example.org","Smithfort, VA","2023-02-23","404-48-8956"
711,"Kenneth Johnson","sergiowoods@example.org","Martinland, CT","2021-08-04","575-22-3403"
712,"Angela Powell","kmills@example.org","Port Trevorchester, ME","2024-11-01","759-44-2468"
713,"Michael George","","West Hannahside, WY","2024-10-29","559-64-5129"
714,"Michael Robertson","morseronald@example.org","Martineztown, GA","2022-09-04","533-96-1991"
715,"Jeffrey Stanton","mccluretyler@example.net","","2025-02-17","499-18-8964"
716,"Edward Graham","jennifer48@example.com","Anneburgh, FL","2024-03-24","298-67-3350"
717,"Danielle Ford","sara22@example.net","Smithchester, HI","2023-10-30","154-61-1099"
718,"Abigail Miles MD","medinamark@example.org","Wheelerland, MI","2024-13-45","652-72-3704"
719,"Tanya Hill","tsilva@example.com","Villaside, ND","2023-08-09","657-85-3320"
720,"Ashley Robinson","josegarcia@example.net","Riverashire, PA","2021-04-30","284-95-7757"
721,"Richard Hays","noblechristina@example.org","South Nancy, MD","2022-06-14","080-07-2245"
722,"Jessica Ruiz","vincent13@example.net","Bennettfurt, VT","2025-01-08","486-46-5108"
723,"Blake Jacobs","stephaniedougherty@example.com","Port Samuel, NV","2025-02-09","502-89-4105"
724,"Jessica Bailey","clinemelissa@example.net","Jessicaborough, RI","2021-09-10","574-25-6267"
725,"Paul Smith","mward@example.org","Markstad, PW","2023-11-08","260-65-0213"
726,"Amanda Hill","ssanders@example.net","Joshuaton, OK","2024-13-45","844-04-7714"
727,"John Golden DDS","johnsonanthony@example.net","Lake Jill, VI","2024-07-15","872-17-1357"
728,"Ryan Brown","duplicate@example.com","West Connorside, KY","2022-04-28","671-79-0274"
729,"Sarah Stewart","rebeccamatthews@example.com","Lake Richardton, CA","2023-07-02","198-98-8217"
730,"Angela Ramos","charlotte86@example.org","West Joshuastad, DE","2021-12-04","350-60-9309"
731,"Julie Wilson","whitechristopher@example.com","Port Garytown, IL","2021-05-27","654-48-7543"
732,"Nathaniel Wright","julierojas@example.com","South Janiceburgh, KY","2024-13-45","144-73-5170"
733,"Russell Nelson","gregoryphillips@example.net","Bakerfort, MI","2025-08-04","123-45-INVALID"
734,"","michael87@example.net","North Stephanie, OR","2023-12-14","160-69-9318"
735,"Jessica Brewer DDS","jared88@example.net","Christopherborough, KS","2022-06-18","224-60-4274"
736,"Kelly Welch","ltaylor@example.com","Anneshire, MH","2020-12-08","035-42-1714"
737,"Sheila Smith","valvarez@example.net","","2021-07-10","192-46-5019"
738,"Cody Johnson","swatkins@example.com","Wellsbury, KS","2022-01-20","741-48-9846"
739,"Mr. Andrew Hickman","kathrynsantana@example.net","South Ronaldview, OK","2023-07-18","411-76-0468"
740,"Tammy Tanner","stephaniebradley@example.org","Lake Mason, AR","2022-01-24","093-40-2318"
741,"Christopher Smith","jamesjackson@example.com","East Joelborough, NE","2023-08-13","093-93-4010"
742,"Sarah Brooks","gmoore@example.com","Halefort, TN","2021-12-24","386-60-3978"
743,"Fernando Mcconnell","smejia@example.net","Carlsonside, CA","2021-06-26","356-63-9609"
744,"Lee Tate","michael80@example.net","Melendezbury, DC","2020-11-24","512-25-0725"
745,"Brandon Cruz","ronaldmitchell@example.com","Johnsonchester, HI","2022-06-20","168-51-8477"
746,"Bradley Parks","riosrichard@example.org","West David, NY","2021-07-29","394-88-7450"
747,"Dr. James Wise","ronald19@example.com","Kimberlymouth, PR","2020-10-08","548-47-1830"
748,"Ms. Janet Leonard","adamvaughan@example.net","Jamesmouth, NE","2022-03-11","050-60-4616"
749,"John Richardson","johnny54@example.org","Guystad, MT","2021-01-03","018-58-5319"
750,"Linda Howard","schmidtrandy@example.org","New Codyberg, SC","2023-03-15","506-56-4501"
751,"Melissa Sanchez","uwilliams@example.com","East Chelseaville, MS","2023-08-11","525-93-1291"
752,"Nicole Henderson","whitejulie@example.net","Port Ritaville, WY","2023-07-18","197-74-4276"
753,"Kimberly Leon","brooksthomas@example.com","Julieburgh, KY","2023-04-02","514-86-0750"
754,"Susan Gregory","adam30@example.com","","2021-10-10","282-35-7577"
755,"Danny Fletcher","bryceroberts@example.net","Matthewsmouth, ND","2023-05-18","399-61-9137"
756,"Gilbert Reed","vhernandez@example.com","New Heidi, TX","2026-02-01","262-52-0529"
757,"Laura Miller","whoffman@example.org","Lake Traci, MN","2024-13-45","312-38-5167"
758,"Alyssa Weber","claudiacunningham@example.com","Port Teresaside, WA","2024-07-05","503-31-6149"
759,"Lawrence Atkinson","fosterjason@example.org","Gregoryburgh, WI","2025-03-30","797-95-6572"
760,"Paul Barnes","luis51@example.net","Wayneside, MO","2025-05-08","231-52-8108"
761,"Tim Moore","ricardosmith@example.com","Douglasville, MS","2024-08-13","595-84-6851"
762,"Mark Montgomery","chelseagordon@example.org","Doughertymouth, RI","2024-03-24","256-22-9328"
763,"Tiffany Johnson","marnold@example.org","Woodbury, HI","2024-09-07","484-92-3274"
764,"Austin Johnson","rstevens@example.net","Fritzburgh, NH","2023-06-01","513-83-1822"
765,"Susan Sanchez","smithantonio@example.net","Camachofort, VI","2023-06-28","395-10-6834"
766,"Kimberly Baldwin","gonzalesmaria@example.org","Lisaton, MN","2022-11-18","410-92-8382"
767,"Caleb Thomas","katherine91@example.net","West Robert, MA","2024-05-31","146-32-7907"
768,"Gary Benson","fnolan@example.org","Matthewmouth, MA","2022-06-16","807-58-4226"
769,"Linda Juarez","","New Keith, IN","2023-10-29","578-47-4772"
770,"Brooke Walters","rmarquez@example.com","Lake Linda, DC","2023-04-12","151-78-4790"
771,"Darren Rosales","eddie04@example.com","Woodsburgh, MI","2023-12-09","660-20-9620"
772,"James Grimes","hwong@example.com","South Penny, AL","2024-12-06","685-09-5610"
773,"Danny Ramirez","santosmichael@example.com","Port Juliehaven, MH","2022-08-01","234-95-3319"
774,"","elizabeth61@example.com","West Angelaside, PR","2025-03-30","894-11-0918"
775,"Joseph Sanchez","hannahcurtis@example.org","","2022-08-12","707-92-7473"
776,"Lee Arnold","pauljessica@example.org","New Kevin, IL","2022-03-07","234-32-9596"
777,"Brett Keith","florescynthia@example.org","Wilsonland, NJ","2025-08-12","203-13-8887"
778,"Elizabeth Smith","hcallahan@example.net","Watersborough, OR","2022-07-01","826-82-7476"
779,"Jason Nelson","markwebb@example.com","Josephside, IA","2020-09-03","350-36-9196"
780,"Jeremiah Rowland","tonyflores@example.net","Simpsonburgh, CA","2024-12-12","779-56-4992"
781,"Jessica Little","jamesrodriguez@example.org","West Warren, MD","2021-06-22","785-68-7732"
782,"Tanya Clark","mariolee@example.com","Port Eric, TN","2021-07-18","161-42-8462"
783,"Rachel Chan","jeremy47@example.com","Dustinmouth, VA","2024-09-12","363-96-5167"
784,"Jeffery Long","duplicate@example.com","Smithfurt, AR","2024-02-24","363-83-2293"
785,"Pamela Smith","jasonmoran@example.com","Andrewchester, WY","2024-13-45","392-42-9144"
786,"Rebecca Williamson","ggates@example.org","East Mark, NJ","2025-06-07","739-76-7699"
787,"Jeanette Moyer","mwright@example.net","Brownton, SC","2021-01-22","351-36-8813"
788,"Duane Ruiz","nguyenkimberly@example.com","Port Edward, ME","2023-10-24","588-26-9206"
789,"Garrett Payne","angela40@example.org","Port Kristimouth, PR","2021-06-02","370-99-7305"
790,"John Murray","james44@example.net","East Davidchester, NE","2022-07-01","406-63-0787"
791,"William Brooks","gforbes@example.com","Campbellmouth, SC","2025-03-01","069-95-1238"
792,"Valerie Norman","laurenmathis@example.org","Bishopborough, WV","2024-13-45","075-99-7061"
793,"Steve Gamble","debrajones@example.net","Shawnchester, FM","2023-01-10","022-52-9417"
794,"Marcus Price","duplicate@example.com","East Marcusberg, KS","2022-07-26","599-87-5352"
795,"Maurice Carrillo","patricia92@example.org","East Kyle, CT","2025-03-13","027-69-9862"
796,"Kimberly Blevins","monica33@example.org","Frankview, IN","2021-01-02","223-99-5822"
797,"Steven Gonzales","vjohnson@example.net","South Brandon, NV","2020-11-25","409-26-3370"
798,"Leslie Martinez","williamlane@example.net","East Katherineville, NM","2024-13-45","759-78-5872"
799,"Daniel Davis","timothy81@example.com","North Normanchester, MO","2023-05-14","879-13-5812"
800,"Sara Hamilton","jerome16@example.com","West Jessicamouth, AZ","2023-09-26","145-32-2906"
801,"Joseph Taylor","dfarmer@example.net","Port Jodi, LA","2025-06-22","381-80-6798"
802,"Christopher Stone","judypatrick@example.org","Natashaville, WY","2022-01-04","167-04-8152"
803,"Mario Stout","christy00@example.com","South Austinberg, PW","2022-05-29","418-06-8839"
804,"Miranda Jackson","smithphyllis@example.org","Mcneilville, NJ","2023-11-17","476-54-8794"
805,"Larry Walsh","thomas42@example.com","Summerville, NJ","2024-06-01","505-96-9360"
806,"Jose Trujillo","jeremiahmiller@example.org","Campbellville, IA","2022-05-04","232-33-3025"
807,"William Barnett","kathleen25@example.com","Donnashire, WA","2023-03-26","872-05-6309"
808,"Veronica Smith","conleyjohn@example.com","Alexanderfort, NJ","2021-01-29","879-45-3077"
809,"Willie Chavez","amy14@example.net","Matthewburgh, KS","2025-07-31","350-63-8994"
810,"Mary Peterson","bryan56@example.net","New Davidbury, NH","2024-07-20","850-15-1971"
811,"Beth Bailey","fgraham@example.net","South Lori, FM","2025-05-09","524-25-2322"
812,"Courtney Smith","alicia29@example.net","Port Amandaside, IN","2025-03-09","123-45-INVALID"
813,"Brett Martin","meganpotter@example.org","Garrisonview, AR","2022-02-02","411-38-6387"
814,"Stephanie Mcdonald","jenniferevans@example.org","Jeanetteport, IL","2025-02-09","752-79-9732"
815,"","brownrobert@example.org","Carsonbury, MO","2022-01-10","662-54-6407"
816,"Danielle Bell","tabithahill@example.com","Lake Jodiberg, IL","2026-02-22","146-87-4514"
817,"Bruce Collins","ingramcarmen@example.org","Evansville, ND","2023-06-16","761-79-7445"
818,"Spencer Webster","","Nancyton, MS","2022-11-04","116-81-7644"
819,"Sherri Holt","oblake@example.net","North Whitneystad, IA","2024-04-17","891-86-8103"
820,"Mark Grimes","megan44@example.net","Robertview, MI","2024-05-07","086-02-1657"
821,"Jon Garza","dalton78@example.net","Obrienfurt, AZ","2024-10-19","617-14-9673"
822,"Autumn Gallagher","betty96@example.com","West Deborahmouth, PR","2021-07-05","472-74-8565"
823,"","bentleylisa@example.net","Caldwelltown, IL","2025-06-29","186-04-5390"
824,"Jason Johnson","qatkinson@example.com","Michaelbury, KY","2021-07-05","457-07-5317"
825,"Madison Mack","jasontownsend@example.net","Joystad, WI","2024-07-26","836-23-8190"
826,"Luis Singh","leslietorres@example.net","Lake Richardfort, SC","2021-06-05","191-97-6271"
827,"Scott Washington","linda52@example.org","","2023-06-01","017-15-3110"
828,"Susan Graves","duplicate@example.com","Katherineside, HI","2024-01-21","634-90-1245"
829,"Michael Melendez","jphelps@example.net","Amandafurt, DC","2022-05-12","395-14-4816"
830,"Erica Walker","sanchezeric@example.com","South Jeffreybury, IA","2025-07-09","897-29-7215"
831,"Edward Oconnell","amassey@example.net","South Jacob, NC","2022-07-04","595-52-9429"
832,"Michelle Holden","ryan53@example.com","Chaseberg, MD","2023-12-18","881-90-4046"
833,"Anne Lowery","gnichols@example.net","Lake Michael, UT","2025-04-01","661-71-3670"
834,"Russell Stevens","bcrawford@example.org","North Ann, OH","2024-08-17","667-08-5696"
835,"Brittany Fleming","blevinsjoshua@example.com","Lake Carlachester, VT","2024-09-21","783-18-6493"
836,"Emily Terry","mark98@example.com","Port Amber, TX","2022-07-02","601-41-0112"
837,"Heather Wilson","austinalyssa@example.net","Lake James, PA","2021-02-13","793-98-2939"
838,"Timothy Chandler","christopher69@example.net","Ballardfurt, UT","2022-03-19","486-18-5625"
839,"Henry Mann","victor24@example.com","East Michael, SD","2022-03-24","649-11-5566"
840,"Kelly Smith","hendrixbrian@example.com","East Aaronhaven, AL","2024-07-06","005-42-6304"
841,"Taylor Elliott","sosajacob@example.net","Whiteborough, MI","2023-04-11","100-88-2535"
842,"Stephanie Mccarthy","williamolsen@example.com","New Benjaminside, FM","2023-11-08","813-16-5107"
843,"Michael Lawrence","racheljimenez@example.net","New Samantha, NH","2023-02-24","675-71-6371"
844,"Mary Jones","michaelallen@example.com","Port Richard, MI","2024-06-24","061-62-9686"
845,"Ann Pena","psherman@example.org","Lukemouth, WV","2021-07-05","203-38-6985"
846,"Bradley Johnson","morristimothy@example.com","Tylerport, WI","2024-02-09","701-90-0904"
847,"Chelsea Davis","daniellestevenson@example.net","North Tammyfurt, ID","2025-02-27","361-69-0860"
848,"Kelly Thompson","erin03@example.org","Dodsonbury, VT","2024-05-11","328-10-3336"
849,"Martin Smith","sharris@example.org","Adambury, TN","2024-11-18","834-43-2901"
850,"Dr. Jacqueline Monroe","moorecarol@example.net","Nicolechester, TX","2026-04-12","728-81-5075"
851,"Shawn Doyle","robert06@example.com","","2023-11-17","285-25-7999"
852,"Lori Foster","sanderson@example.org","Lake Dannyburgh, MH","2022-10-29","811-63-1090"
853,"Carol Singh","smitchell@example.com","Danielville, MO","2022-03-25","843-26-1418"
854,"Kathleen Martinez","harrisondaniel@example.org","Port Paulland, WV","2024-13-45","711-09-3961"
855,"Jessica Thomas","bateswilliam@example.org","Lake Louis, OK","2024-05-18","015-20-5593"
856,"Hayley Gonzalez","myerseric@example.com","East Jackborough, MA","2022-10-21","674-93-7191"
857,"Andrea Sanchez","angela28@example.com","North Gailchester, NC","2020-11-19","548-03-2784"
858,"Charles Garcia","adamsmith@example.org","Mackville, PR","2023-05-29","230-98-0577"
859,"Angela Banks","not-an-email-address","Pinedafurt, LA","2023-12-17","461-96-3894"
860,"Lisa Reed","jmendoza@example.com","Jeffreyport, SC","2022-02-25","123-45-INVALID"
861,"Dr. Isabel Smith PhD","bradjenkins@example.net","South David, SC","2023-12-22","362-27-6649"
862,"Julia Chavez","vford@example.com","Andersonhaven, IL","2024-04-02","252-28-3129"
863,"Shane Hopkins","rachel86@example.com","Jasonberg, NJ","2025-07-03","112-70-7411"
864,"Tina Berg","nwilliams@example.com","Lake Patrick, NC","2023-03-24","443-24-7258"
865,"Jasmin Estrada","tonya92@example.net","Andrewsborough, FL","2020-11-15","422-41-7678"
866,"Bianca Velazquez","cheryl98@example.net","Lake Coltonland, CO","2022-10-05","022-02-0865"
867,"Emily Winters","juliarubio@example.com","West Cindymouth, OR","2023-06-28","849-58-7784"
868,"Christopher Turner","rachelhernandez@example.com","New Reneechester, GA","2025-06-13","123-45-INVALID"
869,"Julie Lucero","theresabeck@example.org","Daviston, DC","2024-13-45","391-61-6216"
870,"Alejandro Watts","sarah99@example.org","Shannonfort, TN","2024-09-22","581-45-5567"
871,"Andrea Taylor","erica21@example.net","Lake Malik, VT","2021-05-24","812-11-5812"
872,"Steven Butler","michaelking@example.net","Tinatown, NM","2024-11-17","327-22-0853"
873,"Melody Baker","rmorgan@example.net","Hopkinsmouth, OH","2025-09-15","134-80-0175"
874,"James Conway","sprice@example.net","Heidimouth, MN","2025-07-20","823-66-6956"
875,"Brandi Reed","andrea74@example.com","South Samanthaland, AS","2024-02-19","683-41-8337"
876,"Carl Gill","charlesbrooks@example.org","Port Christopher, CA","2021-08-20","010-93-0221"
877,"Lisa Moore","vwelch@example.net","New Davidberg, ID","2023-07-28","764-11-3041"
878,"Anna Hamilton","jasonlove@example.com","Colleenborough, NJ","2021-06-13","838-26-8116"
879,"Nicholas Vargas","ramoswilliam@example.org","East Jose, FM","2022-04-03","556-74-3103"
880,"Angela Lopez","katelyn32@example.com","Carolynhaven, SC","2021-09-22","293-28-6989"
881,"Gregory Allen","penatammy@example.com","Karenland, AR","2021-03-16","123-45-INVALID"
882,"Nicholas Harvey","wmiller@example.net","Smithland, MD","2024-11-14","603-99-5923"
883,"Monica Flores","judy75@example.com","Kathrynmouth, ND","2021-03-25","763-25-3738"
884,"Michael Ortiz","ynguyen@example.com","Meltonmouth, NV","2025-08-31","157-19-6318"
885,"Shelley Kramer","ofritz@example.org","Diazchester, WY","2024-03-28","838-85-2831"
886,"Tracy Robinson","myersedward@example.com","North Tyler, GA","2025-12-29","850-71-4550"
887,"Lawrence Porter","kvalentine@example.com","West Suzanneland, MD","2022-08-10","723-62-9959"
888,"David Harding","robertsmith@example.com","West Crystal, TX","2024-04-26","123-45-INVALID"
889,"Kendra Peterson","lindsay25@example.net","Brownmouth, MN","2021-09-15","428-32-3432"
890,"Susan Orr","jbuchanan@example.com","Hollyberg, MD","2023-06-12","801-81-9377"
891,"Lisa Li","tracyharrison@example.org","Williamville, MS","2022-08-14","769-19-5270"
892,"John Morrison","carl63@example.com","","2021-11-20","373-08-7762"
893,"Aaron Kelly","yhoffman@example.com","Toddmouth, PA","2022-10-08","550-26-3084"
894,"Linda Martinez","mossjames@example.net","Johnfurt, NE","2020-10-05","123-45-INVALID"
895,"Charles Johnson","dmiller@example.org","Garrettside, GA","2023-03-17","609-57-5147"
896,"Joy Gonzalez","lmitchell@example.org","Stephanieville, AR","2021-08-02","889-42-9054"
897,"Charles Decker","duplicate@example.com","Piercechester, SD","2023-06-05","406-23-5352"
898,"Erica Avila","warebrian@example.net","South Caleb, CA","2020-12-18","144-20-1676"
899,"Miguel Davis","teresa51@example.com","Karenfort, MO","2025-02-12","559-08-8597"
900,"Jennifer Moore","olsenshane@example.org","Jeremyton, SD","2024-03-18","700-72-0397"
901,"Ryan Perez","duplicate@example.com","North Jefferybury, FL","2021-11-03","513-41-5292"
902,"Mark Foster","","Travischester, OH","2021-04-01","042-26-9662"
903,"Kevin Smith","perkinsmicheal@example.org","Lewisside, AL","2020-12-22","643-96-4611"
904,"Kayla Moore","karenscott@example.org","Rachaelfurt, DE","2022-12-06","667-37-7400"
905,"Walter Powers","hharris@example.org","Ballardborough, ID","2020-11-30","778-73-4893"
906,"Sabrina Ward","hollandjerry@example.com","New Andrew, AL","2022-06-29","222-24-5472"
907,"Dr. Nathan Ellis MD","samanthacastillo@example.net","Laurabury, CA","2022-06-05","632-14-0005"
908,"Lisa Vincent","sarah47@example.com","North Brian, IL","2024-13-45","662-25-6934"
909,"Jason Johnson","roachkevin@example.com","Conradborough, DE","2023-11-04","652-96-0498"
910,"Brian Hardy","lkane@example.net","Josephshire, NJ","2024-09-21","065-94-2512"
911,"Michael Johnson","dreynolds@example.com","North Barbara, AZ","2022-07-03","673-09-4602"
912,"Christina Adams","sylvia33@example.net","Patrickton, VI","2023-01-24","577-56-9158"
913,"Michelle Newton","michael95@example.com","Stephensstad, TN","2024-10-28","381-93-9028"
914,"Nicholas Reed","bettywatson@example.com","Dylanfort, TX","2025-04-09","556-53-5904"
915,"Angelica King","duplicate@example.com","West Sandy, SD","2024-08-21","462-97-8835"
916,"Gwendolyn Hull","carolfernandez@example.net","Port Lauren, DC","2022-01-25","836-27-6494"
917,"Jason Rodriguez","stonebarbara@example.com","","2025-05-09","681-22-3716"
918,"Gabriel Copeland MD","zmills@example.org","Karaville, IN","2023-07-09","656-83-7433"
919,"Stephanie Lopez","barrytanya@example.org","Thomasland, UT","2021-12-29","314-31-6654"
920,"","marcia81@example.org","North Anthonyville, IL","2022-04-01","848-88-1169"
921,"Jesse Wilson","dorothy09@example.com","","2023-08-04","398-48-3416"
922,"Manuel Gillespie","sheltontiffany@example.com","Michaelview, UT","2024-09-12","123-45-INVALID"
923,"Janet Ryan","hendersonbrenda@example.com","Vangfurt, AZ","2024-10-25","123-45-INVALID"
924,"Joshua Miller","gibsonkaitlyn@example.org","Johnsonport, OH","2021-05-29","796-91-7393"
925,"Anna Sutton","wallssean@example.net","South Joshua, OK","2022-07-06","398-69-0799"
926,"Melissa Henry","kcarter@example.org","Carolynchester, DE","2022-10-28","704-20-1259"
927,"Mr. James Garner","kelseywilliams@example.org","West Michelle, OR","2022-05-13","866-64-3748"
928,"Tiffany Wilson","donaldyang@example.net","South Tylerchester, AK","2024-06-14","726-68-6035"
929,"John Ramirez","fjones@example.com","Thomashaven, PW","2025-04-17","250-18-1983"
930,"Brandon Lopez","seanbarajas@example.com","Timothyburgh, OR","2024-03-08","123-45-INVALID"
931,"Crystal Hernandez","juliemyers@example.com","New Kristinville, NC","2021-08-27","682-35-9595"
932,"Spencer Taylor","michellesolis@example.org","Mendozaborough, CT","2025-03-08","177-50-9061"
933,"Kimberly Lara","duplicate@example.com","Lake David, NY","2021-11-27","882-98-1115"
934,"Victoria Knight","courtneygutierrez@example.net","Sharonview, MT","2024-09-25","062-97-7076"
935,"Phyllis Johnson","peter93@example.net","South Christina, WY","2021-01-13","522-53-2577"
936,"Donna Mejia","agreene@example.org","Lake Patriciaberg, WI","2022-09-21","657-06-6055"
937,"John Roman","kevin89@example.com","Melissafort, NY","2023-01-11","500-50-9660"
938,"Lisa Guerrero","taylordavis@example.com","Amandaland, KS","2025-06-08","645-35-4445"
939,"Crystal Mcintosh","rebecca93@example.com","Jamesmouth, NC","2023-02-16","693-53-4564"
940,"Mckenzie Lopez","leahbarker@example.org","Jenniferside, MD","2022-11-30","210-60-9532"
941,"Autumn Sharp","danielle39@example.net","","2023-07-17","188-83-8143"
942,"John Nelson","jmedina@example.com","West Davidfurt, GU","2023-11-11","564-51-0054"
943,"Timothy Reilly","jdonovan@example.net","Williamchester, ID","2021-03-27","273-07-7008"
944,"Karen Hughes","taylordavid@example.org","Port Chadville, OH","2024-11-01","549-35-2088"
945,"Tammy Mcdaniel","not-an-email-address","North Patricia, OK","2021-03-07","011-15-5532"
